date,equity,dd,positions,cash,KOSPI,KOSDAQ
2017-01-02,100000000.0,0.0,0,100000000.0,2026.16,632.04
2017-01-06,100000000.0,0.0,0,100000000.0,2049.12,643.68
2017-01-09,100000000.0,0.0,0,100000000.0,2048.78,642.15
2017-01-13,100000000.0,0.0,0,100000000.0,2076.79,634.68
2017-01-16,100000000.0,0.0,0,100000000.0,2064.17,627.88
2017-01-20,100000000.0,0.0,0,100000000.0,2065.61,622.12
2017-01-23,100000000.0,0.0,0,100000000.0,2065.99,615.99
2017-01-27,100000000.0,0.0,0,100000000.0,2083.59,616.81
2017-01-30,100000000.0,0.0,0,100000000.0,2083.59,616.81
2017-02-03,100000000.0,0.0,0,100000000.0,2073.16,609.21
2017-02-06,100000000.0,0.0,0,100000000.0,2077.66,610.96
2017-02-10,100000000.0,0.0,0,100000000.0,2075.08,610.58
2017-02-13,100000000.0,0.0,0,100000000.0,2078.65,611.94
2017-02-17,100000000.0,0.0,0,100000000.0,2080.58,618.7
2017-02-20,100000000.0,0.0,0,100000000.0,2084.39,619.97
2017-02-24,100000000.0,0.0,0,100000000.0,2094.12,614.75
2017-02-27,100000000.0,0.0,0,100000000.0,2085.52,612.12
2017-03-03,100000000.0,0.0,0,100000000.0,2078.75,600.73
2017-03-06,100000000.0,0.0,0,100000000.0,2081.36,604.05
2017-03-10,100000000.0,0.0,0,100000000.0,2097.35,612.26
2017-03-13,100000000.0,0.0,0,100000000.0,2117.59,615.59
2017-03-17,100000000.0,0.0,0,100000000.0,2164.58,613.26
2017-03-20,100000000.0,0.0,0,100000000.0,2157.01,609.11
2017-03-24,100000000.0,0.0,0,100000000.0,2168.95,608.18
2017-03-27,100000000.0,0.0,0,100000000.0,2155.66,607.07
2017-03-31,100000000.0,0.0,0,100000000.0,2160.23,619.28
2017-04-03,100000000.0,0.0,0,100000000.0,2167.51,628.52
2017-04-07,100000000.0,0.0,0,100000000.0,2151.73,633.32
2017-04-10,100000000.0,0.0,0,100000000.0,2133.32,619.41
2017-04-14,100000000.0,0.0,0,100000000.0,2134.88,618.24
2017-04-17,100000000.0,0.0,0,100000000.0,2145.76,629.47
2017-04-21,100000000.0,0.0,0,100000000.0,2165.04,634.96
2017-04-24,100000000.0,0.0,0,100000000.0,2173.74,626.62
2017-04-28,100000000.0,0.0,0,100000000.0,2205.44,628.24
2017-05-01,100000000.0,0.0,0,100000000.0,2205.44,628.24
2017-05-05,100000000.0,0.0,0,100000000.0,2241.24,635.11
2017-05-08,100000000.0,0.0,0,100000000.0,2292.76,643.39
2017-05-12,99889975.55,-0.0011002445000000138,2,75200000.0,2286.02,643.73
2017-05-15,99853300.73,-0.0014669926999999472,2,75200000.0,2290.65,645.38
2017-05-19,99584471.91,-0.004155280900000058,3,66423301.51,2288.48,642.45
2017-05-22,99847926.07,-0.0015207393000000735,3,66423301.51,2304.03,642.62
2017-05-26,99801130.26,-0.0019886973999999613,4,57388702.06,2355.3,646.01
2017-05-29,101354857.66,0.0,4,57388702.06,2352.97,642.98
2017-06-02,101245912.41,-0.0010748892802500132,4,57388702.06,2371.72,658.78
2017-06-05,101277953.53,-0.0007587611662183136,4,57388702.06,2368.62,662.32
2017-06-09,103189939.44,0.0,5,52930297.29,2381.69,674.15
2017-06-12,100900382.33,-0.02218779391116188,4,57032029.68,2357.87,664.86
2017-06-16,104181539.9,0.0,4,57032029.68,2361.83,670.7
2017-06-19,104979895.94,0.0,4,57032029.68,2370.9,675.44
2017-06-23,104791686.34,-0.0017928156464125378,5,43146607.39,2378.6,668.93
2017-06-26,108180170.44,0.0,5,43146607.39,2388.66,668.36
2017-06-30,106032694.18,-0.01985092324467219,5,43146607.39,2391.79,669.04
2017-07-03,104676564.7,-0.03238676483638192,5,43146607.39,2394.48,660.97
2017-07-07,105672409.53,-0.023181336281873133,3,68441344.24,2379.87,663.77
2017-07-10,106761581.14,-0.013113210066412195,3,68441344.24,2382.1,657.86
2017-07-14,108239251.26,0.0,3,68441344.24,2414.63,654.11
2017-07-17,110544084.05,0.0,3,68441344.24,2425.1,659.89
2017-07-21,108380770.88,-0.019569687411056025,4,62326550.51,2450.06,676.6
2017-07-24,110106480.88,-0.003958630384979012,3,67952160.74,2451.53,677.32
2017-07-28,106103212.08,-0.04017285961672412,3,67952160.74,2400.99,652.95
2017-07-31,106869795.4,-0.03323822058481285,3,67952160.74,2402.71,650.47
2017-08-04,107052783.15,-0.03158288324521141,5,55223430.15,2395.45,641.58
2017-08-07,105889013.48,-0.042110535448414144,6,45200495.8,2398.75,648.39
2017-08-11,103835524.3,-0.06068673694890503,4,56910927.94,2319.71,628.34
2017-08-14,104538708.17,-0.054325619788786805,4,56910927.94,2334.22,629.37
2017-08-18,106538530.31,-0.036234899175502266,4,56910927.94,2358.37,643.58
2017-08-21,106602183.91,-0.03565907822092995,4,56910927.94,2355.0,640.85
2017-08-25,108758351.49,-0.016154030994479096,3,66478319.99,2378.51,650.27
2017-08-28,108089248.36,-0.02220684816466212,3,66478319.99,2370.3,652.92
2017-09-01,108273883.71,-0.020536606363965815,3,66478319.99,2357.69,661.99
2017-09-04,107494509.97,-0.02758694964282893,3,66478319.99,2329.65,650.89
2017-09-08,108184016.27,-0.021349562034749137,3,66478319.99,2343.72,654.29
2017-09-11,109264119.28,-0.011578772224672407,3,66478319.99,2359.08,656.53
2017-09-15,109851931.47,-0.0062613262930192315,3,66478319.99,2386.07,671.3
2017-09-18,110806462.81,0.0,3,66478319.99,2418.21,675.87
2017-09-22,108833803.35,-0.017802747330564417,1,91081825.01,2388.71,648.95
2017-09-25,109517393.37,-0.0116335221548437,1,91081825.01,2380.4,642.04
2017-09-29,108791078.97,-0.018188323937889717,1,91081825.01,2394.47,652.82
2017-10-06,108791078.97,-0.018188323937889717,1,91081825.01,2394.47,652.82
2017-10-09,108791078.97,-0.018188323937889717,1,91081825.01,2394.47,652.82
2017-10-13,109474668.99,-0.012019098762169111,1,91081825.01,2473.62,663.08
2017-10-16,109068787.42,-0.015682076170769887,1,91081825.01,2480.05,659.41
2017-10-20,108363835.21,-0.022044089650153254,0,108363835.21,2489.54,672.95
2017-10-23,108363835.21,-0.022044089650153254,0,108363835.21,2490.05,675.86
2017-10-27,108363835.21,-0.022044089650153254,0,108363835.21,2496.63,689.97
2017-10-30,108363835.21,-0.022044089650153254,0,108363835.21,2501.93,689.68
2017-11-03,108281682.12,-0.022785500285567695,1,101462975.81,2557.97,701.13
2017-11-06,108445988.3,-0.0213026790147387,1,101462975.81,2549.41,703.79
2017-11-10,108665063.2,-0.019325584047131472,1,101462975.81,2542.95,720.79
2017-11-13,108774600.65,-0.018337036563327858,1,101462975.81,2530.35,741.38
2017-11-17,108884138.1,-0.017348489079524354,1,101462975.81,2533.99,775.85
2017-11-20,109240134.81,-0.014135709779724559,1,101462975.81,2527.67,785.32
2017-11-24,109103213.0,-0.015371394111917125,1,101462975.81,2544.33,792.74
2017-11-27,108938906.82,-0.01685421538274634,1,101462975.81,2507.81,792.8
2017-12-01,108934684.4,-0.01689232164381549,2,90567322.36,2475.41,787.7
2017-12-04,109095096.06,-0.015444647420380875,2,90567322.36,2501.67,782.45
2017-12-08,108229898.58,-0.02325283349598517,4,81495700.95,2464.0,744.06
2017-12-11,108626287.0,-0.019675529339280073,3,85186724.71,2471.49,764.09
2017-12-15,109189035.88,-0.014596864559907607,3,87827405.32,2482.07,771.82
2017-12-18,108896854.81,-0.017233724022708063,3,87827405.32,2481.88,770.5
2017-12-22,109982631.62,-0.007434865883343078,3,87827405.32,2440.54,761.2
2017-12-25,109982631.62,-0.007434865883343078,3,87827405.32,2440.54,761.2
2017-12-29,110510505.12,-0.002670942492835282,3,87827405.32,2467.49,798.42
2018-01-01,110510505.12,-0.002670942492835282,3,87827405.32,2467.49,798.42
2018-01-05,110940188.95,0.0,3,87827405.32,2497.52,828.03
2018-01-08,110545923.62,-0.0035538548629810984,3,87827405.32,2513.28,839.51
2018-01-12,111944712.25,0.0,2,94620060.24,2496.42,873.05
2018-01-15,112257248.89,0.0,2,94620060.24,2503.73,891.61
2018-01-19,110731389.68,-0.01359252275543621,1,100434869.31,2520.26,879.99
2018-01-22,110813542.77,-0.0128606939353616,1,100434869.31,2502.11,873.09
2018-01-26,109800321.35,-0.02188658250842701,1,100434869.31,2574.76,913.12
2018-01-29,109827705.71,-0.02164263959809576,1,100434869.31,2598.19,927.05
2018-02-02,109718168.26,-0.02261841132850151,1,100434869.31,2525.39,899.47
2018-02-05,109526477.72,-0.0243260118789822,1,100434869.31,2491.75,858.22
2018-02-09,109225249.73,-0.027009384159868643,0,109225249.73,2363.77,842.6
2018-02-12,109225249.73,-0.027009384159868643,0,109225249.73,2385.38,843.24
2018-02-16,109225249.73,-0.027009384159868643,0,109225249.73,2421.83,848.03
2018-02-19,109225249.73,-0.027009384159868643,0,109225249.73,2442.82,875.81
2018-02-23,109225249.73,-0.027009384159868643,0,109225249.73,2451.52,874.78
2018-02-26,109225249.73,-0.027009384159868643,0,109225249.73,2457.65,874.43
2018-03-02,109225249.73,-0.027009384159868643,0,109225249.73,2402.16,860.23
2018-03-05,109225249.73,-0.027009384159868643,0,109225249.73,2375.06,845.0
2018-03-09,109225249.73,-0.027009384159868643,0,109225249.73,2459.45,865.8
2018-03-12,109225249.73,-0.027009384159868643,0,109225249.73,2484.12,884.27
2018-03-16,109225249.73,-0.027009384159868643,0,109225249.73,2493.97,894.43
2018-03-19,109225249.73,-0.027009384159868643,0,109225249.73,2475.03,880.97
2018-03-23,109225249.73,-0.027009384159868643,0,109225249.73,2416.76,829.68
2018-03-26,109225249.73,-0.027009384159868643,0,109225249.73,2437.08,853.69
2018-03-30,109225249.73,-0.027009384159868643,0,109225249.73,2445.85,871.09
2018-04-02,109225249.73,-0.027009384159868643,0,109225249.73,2444.16,867.8
2018-04-06,109225249.73,-0.027009384159868643,0,109225249.73,2429.58,867.96
2018-04-09,109225249.73,-0.027009384159868643,0,109225249.73,2444.08,874.44
2018-04-13,109225249.73,-0.027009384159868643,0,109225249.73,2455.07,891.87
2018-04-16,109225249.73,-0.027009384159868643,0,109225249.73,2457.49,896.89
2018-04-20,109225249.73,-0.027009384159868643,0,109225249.73,2476.33,889.17
2018-04-23,109225249.73,-0.027009384159868643,0,109225249.73,2474.11,879.02
2018-04-27,109225249.73,-0.027009384159868643,0,109225249.73,2492.4,886.49
2018-04-30,109225249.73,-0.027009384159868643,0,109225249.73,2515.38,875.95
2018-05-04,109225249.73,-0.027009384159868643,0,109225249.73,2461.38,856.34
2018-05-07,109225249.73,-0.027009384159868643,0,109225249.73,2461.38,856.34
2018-05-11,109225249.73,-0.027009384159868643,0,109225249.73,2477.71,865.93
2018-05-14,109225249.73,-0.027009384159868643,0,109225249.73,2476.11,858.7
2018-05-18,109225249.73,-0.027009384159868643,0,109225249.73,2460.65,869.45
2018-05-21,109225249.73,-0.027009384159868643,0,109225249.73,2465.57,872.96
2018-05-25,109225249.73,-0.027009384159868643,0,109225249.73,2460.8,868.35
2018-05-28,109225249.73,-0.027009384159868643,0,109225249.73,2478.96,879.69
2018-06-01,109225249.73,-0.027009384159868643,0,109225249.73,2438.96,883.22
2018-06-04,109225249.73,-0.027009384159868643,0,109225249.73,2447.76,877.44
2018-06-08,109225249.73,-0.027009384159868643,0,109225249.73,2451.58,878.48
2018-06-11,109225249.73,-0.027009384159868643,0,109225249.73,2470.15,876.55
2018-06-15,109225249.73,-0.027009384159868643,0,109225249.73,2404.04,866.22
2018-06-18,109225249.73,-0.027009384159868643,0,109225249.73,2376.24,840.23
2018-06-22,109225249.73,-0.027009384159868643,0,109225249.73,2357.22,830.27
2018-06-25,109225249.73,-0.027009384159868643,0,109225249.73,2357.88,836.0
2018-06-29,109225249.73,-0.027009384159868643,0,109225249.73,2326.13,818.22
2018-07-02,109225249.73,-0.027009384159868643,0,109225249.73,2271.54,789.82
2018-07-06,109225249.73,-0.027009384159868643,0,109225249.73,2272.87,808.89
2018-07-09,109225249.73,-0.027009384159868643,0,109225249.73,2285.8,808.28
2018-07-13,109225249.73,-0.027009384159868643,0,109225249.73,2310.9,827.89
2018-07-16,109225249.73,-0.027009384159868643,0,109225249.73,2301.99,825.71
2018-07-20,109225249.73,-0.027009384159868643,0,109225249.73,2289.19,791.61
2018-07-23,109225249.73,-0.027009384159868643,0,109225249.73,2269.31,756.96
2018-07-27,109225249.73,-0.027009384159868643,0,109225249.73,2294.99,773.98
2018-07-30,109225249.73,-0.027009384159868643,0,109225249.73,2293.51,769.8
2018-08-03,109225249.73,-0.027009384159868643,0,109225249.73,2287.68,788.81
2018-08-06,109225249.73,-0.027009384159868643,0,109225249.73,2286.5,781.41
2018-08-10,109225249.73,-0.027009384159868643,0,109225249.73,2282.79,784.81
2018-08-13,109225249.73,-0.027009384159868643,0,109225249.73,2248.45,755.65
2018-08-17,109225249.73,-0.027009384159868643,0,109225249.73,2247.05,772.3
2018-08-20,109225249.73,-0.027009384159868643,0,109225249.73,2247.88,769.78
2018-08-24,109225249.73,-0.027009384159868643,0,109225249.73,2293.21,798.23
2018-08-27,109225249.73,-0.027009384159868643,0,109225249.73,2299.3,801.04
2018-08-31,109225249.73,-0.027009384159868643,0,109225249.73,2322.88,816.97
2018-09-03,109225249.73,-0.027009384159868643,0,109225249.73,2307.03,816.84
2018-09-07,109225249.73,-0.027009384159868643,0,109225249.73,2281.58,818.86
2018-09-10,109225249.73,-0.027009384159868643,0,109225249.73,2288.66,816.16
2018-09-14,109225249.73,-0.027009384159868643,0,109225249.73,2318.25,834.91
2018-09-17,109225249.73,-0.027009384159868643,0,109225249.73,2303.01,828.88
2018-09-21,109225249.73,-0.027009384159868643,0,109225249.73,2339.17,827.84
2018-09-24,109225249.73,-0.027009384159868643,0,109225249.73,2339.17,827.84
2018-09-28,109225249.73,-0.027009384159868643,0,109225249.73,2343.07,822.27
2018-10-01,109225249.73,-0.027009384159868643,0,109225249.73,2338.88,816.53
2018-10-05,109225249.73,-0.027009384159868643,0,109225249.73,2267.52,773.7
2018-10-08,109225249.73,-0.027009384159868643,0,109225249.73,2253.83,767.15
2018-10-12,109225249.73,-0.027009384159868643,0,109225249.73,2161.85,731.5
2018-10-15,109225249.73,-0.027009384159868643,0,109225249.73,2145.12,718.87
2018-10-19,109225249.73,-0.027009384159868643,0,109225249.73,2156.26,740.48
2018-10-22,109225249.73,-0.027009384159868643,0,109225249.73,2161.71,744.15
2018-10-26,109225249.73,-0.027009384159868643,0,109225249.73,2027.15,663.07
2018-10-29,109225249.73,-0.027009384159868643,0,109225249.73,1996.05,629.7
2018-11-02,109220237.09,-0.02705403731188838,2,98996387.19,2096.0,690.65
2018-11-05,108729855.32,-0.03142241240435595,2,98996387.19,2076.92,691.94
2018-11-09,108502902.47,-0.03344413351585751,1,104158151.81,2086.09,687.29
2018-11-12,108614582.09,-0.03244927909795314,1,104158151.81,2080.44,670.82
2018-11-16,108375008.63,-0.03458342600043751,1,104158151.81,2092.4,690.18
2018-11-19,108582649.99,-0.03273373377963962,1,104158151.81,2100.56,702.13
2018-11-23,108502902.47,-0.03344413351585751,1,104158151.81,2057.48,683.06
2018-11-26,108566766.67,-0.03287522415248456,1,104158151.81,2083.02,695.36
2018-11-30,108067037.62,-0.03732686584993683,0,108067037.62,2096.86,695.76
2018-12-03,108067037.62,-0.03732686584993683,0,108067037.62,2131.93,709.46
2018-12-07,108067037.62,-0.03732686584993683,0,108067037.62,2075.76,685.33
2018-12-10,108067037.62,-0.03732686584993683,0,108067037.62,2053.79,670.39
2018-12-14,108067037.62,-0.03732686584993683,0,108067037.62,2069.38,666.34
2018-12-17,108067037.62,-0.03732686584993683,0,108067037.62,2071.09,661.9
2018-12-21,108067037.62,-0.03732686584993683,0,108067037.62,2061.49,673.64
2018-12-24,108067037.62,-0.03732686584993683,0,108067037.62,2055.01,669.79
2018-12-28,108067037.62,-0.03732686584993683,0,108067037.62,2041.04,675.65
2018-12-31,108067037.62,-0.03732686584993683,0,108067037.62,2041.04,675.65
2019-01-04,108067037.62,-0.03732686584993683,0,108067037.62,2010.25,664.49
2019-01-07,108067037.62,-0.03732686584993683,0,108067037.62,2037.1,672.84
2019-01-11,108067037.62,-0.03732686584993683,0,108067037.62,2075.57,686.33
2019-01-14,108067037.62,-0.03732686584993683,0,108067037.62,2064.52,683.09
2019-01-18,108067037.62,-0.03732686584993683,0,108067037.62,2124.28,696.34
2019-01-21,108067037.62,-0.03732686584993683,0,108067037.62,2124.61,695.62
2019-01-25,108067037.62,-0.03732686584993683,0,108067037.62,2177.73,711.38
2019-01-28,108067037.62,-0.03732686584993683,0,108067037.62,2177.3,714.26
2019-02-01,108067037.62,-0.03732686584993683,0,108067037.62,2203.46,716.92
2019-02-04,108067037.62,-0.03732686584993683,0,108067037.62,2203.46,716.92
2019-02-08,108067037.62,-0.03732686584993683,0,108067037.62,2177.05,728.74
2019-02-11,108067037.62,-0.03732686584993683,0,108067037.62,2180.73,733.47
2019-02-15,108067037.62,-0.03732686584993683,0,108067037.62,2196.09,738.66
2019-02-18,108067037.62,-0.03732686584993683,0,108067037.62,2210.89,745.33
2019-02-22,108067037.62,-0.03732686584993683,0,108067037.62,2230.5,743.38
2019-02-25,108067037.62,-0.03732686584993683,0,108067037.62,2232.56,750.4
2019-03-01,108067037.62,-0.03732686584993683,0,108067037.62,2195.44,731.25
2019-03-04,108067037.62,-0.03732686584993683,0,108067037.62,2190.66,748.07
2019-03-08,108067037.62,-0.03732686584993683,0,108067037.62,2137.44,735.97
2019-03-11,108067037.62,-0.03732686584993683,0,108067037.62,2138.1,739.09
2019-03-15,108067037.62,-0.03732686584993683,0,108067037.62,2176.11,748.36
2019-03-18,108067037.62,-0.03732686584993683,0,108067037.62,2179.49,753.13
2019-03-22,108067037.62,-0.03732686584993683,0,108067037.62,2186.95,743.97
2019-03-25,108067037.62,-0.03732686584993683,0,108067037.62,2144.86,727.21
2019-03-29,108067037.62,-0.03732686584993683,0,108067037.62,2140.67,729.31
2019-04-01,108067037.62,-0.03732686584993683,0,108067037.62,2168.28,736.81
2019-04-05,108067037.62,-0.03732686584993683,0,108067037.62,2209.61,751.71
2019-04-08,108067037.62,-0.03732686584993683,0,108067037.62,2210.6,751.92
2019-04-12,108067037.62,-0.03732686584993683,0,108067037.62,2233.45,767.85
2019-04-15,108067037.62,-0.03732686584993683,0,108067037.62,2242.88,766.75
2019-04-19,108067037.62,-0.03732686584993683,0,108067037.62,2216.15,762.57
2019-04-22,108067037.62,-0.03732686584993683,0,108067037.62,2216.65,762.01
2019-04-26,108067037.62,-0.03732686584993683,0,108067037.62,2179.31,741.0
2019-04-29,108067037.62,-0.03732686584993683,0,108067037.62,2216.43,750.6
2019-05-03,108067037.62,-0.03732686584993683,0,108067037.62,2196.32,761.82
2019-05-06,108067037.62,-0.03732686584993683,0,108067037.62,2196.32,761.82
2019-05-10,108067037.62,-0.03732686584993683,0,108067037.62,2108.04,722.62
2019-05-13,108067037.62,-0.03732686584993683,0,108067037.62,2079.01,708.8
2019-05-17,108067037.62,-0.03732686584993683,0,108067037.62,2055.8,714.13
2019-05-20,108067037.62,-0.03732686584993683,0,108067037.62,2055.71,702.08
2019-05-24,108067037.62,-0.03732686584993683,0,108067037.62,2045.31,690.03
2019-05-27,108067037.62,-0.03732686584993683,0,108067037.62,2044.21,689.67
2019-05-31,108067037.62,-0.03732686584993683,0,108067037.62,2041.74,696.47
2019-06-03,108067037.62,-0.03732686584993683,0,108067037.62,2067.85,697.5
2019-06-07,108067037.62,-0.03732686584993683,0,108067037.62,2072.33,716.53
2019-06-10,108067037.62,-0.03732686584993683,0,108067037.62,2099.49,721.14
2019-06-14,108067037.62,-0.03732686584993683,0,108067037.62,2095.41,722.25
2019-06-17,108067037.62,-0.03732686584993683,0,108067037.62,2090.73,719.13
2019-06-21,108067037.62,-0.03732686584993683,0,108067037.62,2125.62,722.64
2019-06-24,108067037.62,-0.03732686584993683,0,108067037.62,2126.33,717.69
2019-06-28,108067037.62,-0.03732686584993683,0,108067037.62,2130.62,690.53
2019-07-01,108067037.62,-0.03732686584993683,0,108067037.62,2129.74,696.0
2019-07-05,108067037.62,-0.03732686584993683,0,108067037.62,2110.59,694.17
2019-07-08,108067037.62,-0.03732686584993683,0,108067037.62,2064.17,668.72
2019-07-12,108067037.62,-0.03732686584993683,0,108067037.62,2086.66,681.17
2019-07-15,108067037.62,-0.03732686584993683,0,108067037.62,2082.48,674.79
2019-07-19,108067037.62,-0.03732686584993683,0,108067037.62,2094.36,674.06
2019-07-22,108067037.62,-0.03732686584993683,0,108067037.62,2093.34,674.78
2019-07-26,108067037.62,-0.03732686584993683,0,108067037.62,2066.26,644.59
2019-07-29,108067037.62,-0.03732686584993683,0,108067037.62,2029.48,618.78
2019-08-02,108067037.62,-0.03732686584993683,0,108067037.62,1998.13,615.7
2019-08-05,108067037.62,-0.03732686584993683,0,108067037.62,1946.98,569.79
2019-08-09,108067037.62,-0.03732686584993683,0,108067037.62,1937.75,590.04
2019-08-12,108067037.62,-0.03732686584993683,0,108067037.62,1942.29,594.17
2019-08-16,108067037.62,-0.03732686584993683,0,108067037.62,1927.17,591.57
2019-08-19,108067037.62,-0.03732686584993683,0,108067037.62,1939.9,594.65
2019-08-23,108067037.62,-0.03732686584993683,0,108067037.62,1948.3,608.98
2019-08-26,108067037.62,-0.03732686584993683,0,108067037.62,1916.31,582.91
2019-08-30,108067037.62,-0.03732686584993683,0,108067037.62,1967.79,610.55
2019-09-02,108067037.62,-0.03732686584993683,0,108067037.62,1969.19,619.81
2019-09-06,108067037.62,-0.03732686584993683,0,108067037.62,2009.13,631.15
2019-09-09,108067037.62,-0.03732686584993683,0,108067037.62,2019.55,625.77
2019-09-13,108067037.62,-0.03732686584993683,0,108067037.62,2049.2,630.37
2019-09-16,108067037.62,-0.03732686584993683,0,108067037.62,2062.22,638.59
2019-09-20,108067037.62,-0.03732686584993683,0,108067037.62,2091.52,649.07
2019-09-23,108067037.62,-0.03732686584993683,0,108067037.62,2091.7,645.01
2019-09-27,108067037.62,-0.03732686584993683,0,108067037.62,2049.93,626.93
2019-09-30,108067037.62,-0.03732686584993683,0,108067037.62,2063.05,621.76
2019-10-04,107991960.29,-0.03799566301664414,1,97260333.86,2020.69,621.84
2019-10-07,107415464.91,-0.04313114767977644,1,97260333.86,2021.73,627.21
2019-10-11,107202501.32,-0.04502825091458562,0,107202501.32,2044.61,632.95
2019-10-14,107202501.32,-0.04502825091458562,0,107202501.32,2067.4,641.46
2019-10-18,107202501.32,-0.04502825091458562,0,107202501.32,2060.69,646.69
2019-10-21,107202501.32,-0.04502825091458562,0,107202501.32,2064.84,649.18
2019-10-25,107202501.32,-0.04502825091458562,0,107202501.32,2087.89,652.37
2019-10-28,107202501.32,-0.04502825091458562,0,107202501.32,2093.6,652.42
2019-11-01,107202501.32,-0.04502825091458562,0,107202501.32,2100.2,662.34
2019-11-04,107202501.32,-0.04502825091458562,0,107202501.32,2130.24,668.45
2019-11-08,107202501.32,-0.04502825091458562,0,107202501.32,2137.23,664.6
2019-11-11,107202501.32,-0.04502825091458562,0,107202501.32,2124.09,661.37
2019-11-15,107202501.32,-0.04502825091458562,0,107202501.32,2162.18,668.51
2019-11-18,107202501.32,-0.04502825091458562,0,107202501.32,2160.69,669.34
2019-11-22,107202501.32,-0.04502825091458562,0,107202501.32,2101.96,633.92
2019-11-25,107202501.32,-0.04502825091458562,0,107202501.32,2123.5,647.4
2019-11-29,107202501.32,-0.04502825091458562,0,107202501.32,2087.96,632.99
2019-12-02,107202501.32,-0.04502825091458562,0,107202501.32,2091.92,634.5
2019-12-06,107202501.32,-0.04502825091458562,0,107202501.32,2081.85,628.1
2019-12-09,107202501.32,-0.04502825091458562,0,107202501.32,2088.65,627.86
2019-12-13,107202501.32,-0.04502825091458562,0,107202501.32,2170.25,643.45
2019-12-16,107202501.32,-0.04502825091458562,0,107202501.32,2168.15,644.44
2019-12-20,107202501.32,-0.04502825091458562,0,107202501.32,2204.18,649.73
2019-12-23,107202501.32,-0.04502825091458562,0,107202501.32,2203.71,647.62
2019-12-27,107202501.32,-0.04502825091458562,0,107202501.32,2204.21,661.24
2019-12-30,107202501.32,-0.04502825091458562,0,107202501.32,2197.67,669.83
2020-01-03,107202501.32,-0.04502825091458562,0,107202501.32,2176.46,669.93
2020-01-06,107202501.32,-0.04502825091458562,0,107202501.32,2155.07,655.31
2020-01-10,107202501.32,-0.04502825091458562,0,107202501.32,2206.39,673.03
2020-01-13,107202501.32,-0.04502825091458562,0,107202501.32,2229.26,679.22
2020-01-17,107202501.32,-0.04502825091458562,0,107202501.32,2250.57,688.41
2020-01-20,107202501.32,-0.04502825091458562,0,107202501.32,2262.64,683.47
2020-01-24,107202501.32,-0.04502825091458562,0,107202501.32,2246.13,685.57
2020-01-27,107202501.32,-0.04502825091458562,0,107202501.32,2246.13,685.57
2020-01-31,107202501.32,-0.04502825091458562,0,107202501.32,2119.01,642.48
2020-02-03,107202501.32,-0.04502825091458562,0,107202501.32,2118.88,646.85
2020-02-07,107238292.29,-0.044709420991761784,1,100485727.74,2211.95,672.63
2020-02-10,107417247.19,-0.04311527093223777,1,100485727.74,2201.07,676.07
2020-02-14,107679714.36,-0.040777184326737714,1,100485727.74,2243.59,688.91
2020-02-17,107608132.4,-0.04141484435054721,1,100485727.74,2242.17,692.59
2020-02-21,107118989.03,-0.045772187638723816,1,100485727.74,2162.84,667.99
2020-02-24,106928103.82,-0.04747261422041438,1,100485727.74,2079.04,639.29
2020-02-28,106665159.43,-0.049814951954502584,0,106665159.43,1987.01,610.73
2020-03-02,106665159.43,-0.049814951954502584,0,106665159.43,2002.51,627.66
2020-03-06,106665159.43,-0.049814951954502584,0,106665159.43,2040.22,642.72
2020-03-09,106665159.43,-0.049814951954502584,0,106665159.43,1954.77,614.6
2020-03-13,106665159.43,-0.049814951954502584,0,106665159.43,1771.44,524.0
2020-03-16,106665159.43,-0.049814951954502584,0,106665159.43,1714.86,504.51
2020-03-20,106665159.43,-0.049814951954502584,0,106665159.43,1566.15,467.75
2020-03-23,106665159.43,-0.049814951954502584,0,106665159.43,1482.46,443.76
2020-03-27,106330617.57,-0.05279508787719778,2,98347540.99,1717.73,522.83
2020-03-30,106278803.81,-0.053256650587065746,4,87365254.34,1717.12,542.11
2020-04-03,106095417.6,-0.05489027524661627,3,93067769.96,1725.44,573.01
2020-04-06,106513548.44,-0.05116551943677339,3,93067769.96,1791.88,597.21
2020-04-10,107153105.59,-0.045468273545537397,5,85792246.17,1860.7,611.26
2020-04-13,107085034.64,-0.04607465710359793,3,90368860.58,1825.76,596.71
2020-04-17,107577678.28,-0.041686133022781235,3,90368860.58,1914.53,634.79
2020-04-20,107496771.1,-0.042406863138653605,3,90368860.58,1898.36,637.82
2020-04-24,107407077.2,-0.043205866328976605,3,90368860.58,1889.01,632.96
2020-04-27,107540527.45,-0.04201707672902155,4,85912135.38,1922.77,646.86
2020-05-01,107043084.13,-0.04644835689060334,4,82722354.09,1947.56,645.18
2020-05-04,106508692.98,-0.05120877241195321,4,82722354.09,1895.37,641.91
2020-05-08,107922498.05,-0.03861444034004069,4,82722354.09,1945.82,682.3
2020-05-11,108672779.64,-0.03193084888007891,4,82722354.09,1935.4,685.04
2020-05-15,109367621.83,-0.025741117732464014,4,80234423.27,1927.28,691.93
2020-05-18,109380170.24,-0.02562933510707388,4,80234423.27,1937.11,690.85
2020-05-22,108612847.22,-0.03246473351196344,5,69373003.78,1970.13,708.58
2020-05-25,111022906.62,-0.010995657582963947,6,61562606.82,1994.6,719.89
2020-05-29,109888382.53,-0.021102123768606096,6,61562606.82,2029.6,713.68
2020-06-01,112729708.0,0.0,6,61562606.82,2065.08,735.72
2020-06-05,113540319.31,0.0,7,54298685.5,2181.87,749.31
2020-06-08,114113879.68,0.0,8,47700459.37,2184.29,753.04
2020-06-12,115742617.29,0.0,5,68527170.16,2132.3,746.06
2020-06-15,113678215.04,-0.017836146255683083,5,68527170.16,2030.82,693.15
2020-06-19,115959978.44,0.0,7,55949661.01,2141.32,742.03
2020-06-22,117677464.57,0.0,7,55949661.01,2126.73,751.64
2020-06-26,117336671.28,-0.0028959944985667008,6,60424944.98,2134.65,750.58
2020-06-29,117687019.13,0.0,5,68966931.59,2093.48,734.69
2020-07-03,117425032.7,-0.0022261285223869054,5,68966931.59,2152.41,752.18
2020-07-06,117890275.13,0.0,5,68966931.59,2187.93,759.9
2020-07-10,121513217.23,0.0,6,63486247.18,2150.25,772.81
2020-07-13,121531329.12,0.0,6,63486247.18,2186.06,781.19
2020-07-17,121788082.2,0.0,5,68528476.84,2201.19,783.22
2020-07-20,121855590.7,0.0,5,68528476.84,2198.2,781.96
2020-07-24,130458684.19,0.0,6,64075527.12,2200.44,794.8
2020-07-27,133182987.99,0.0,6,64075527.12,2217.86,801.23
2020-07-31,129326290.48,-0.02895788394753218,3,83538799.27,2249.37,815.3
2020-08-03,130375551.72,-0.02107954110633703,3,83538799.27,2251.04,827.57
2020-08-07,136005905.84,0.0,4,77340020.0,2351.67,857.63
2020-08-10,141767283.52,0.0,5,71670906.51,2386.38,862.76
2020-08-14,140876872.92,-0.00628079044679164,6,62486325.24,2407.49,835.03
2020-08-17,140876872.92,-0.00628079044679164,6,62486325.24,2407.49,835.03
2020-08-21,140413966.9,-0.009546043250585945,6,63379619.71,2304.59,796.01
2020-08-24,141889790.98,0.0,6,63379619.71,2329.83,815.74
2020-08-28,142776046.46,0.0,7,52666527.88,2353.8,841.3
2020-08-31,143373813.18,0.0,8,44288570.49,2326.17,848.24
2020-09-04,144801476.78,0.0,5,65742998.79,2368.25,866.04
2020-09-07,143271427.97,-0.010566527662729808,4,73450719.59,2384.22,878.88
2020-09-11,138057460.69,-0.04657422175497794,4,73450719.59,2396.69,888.44
2020-09-14,137184603.45,-0.05260217989055793,4,73450719.59,2427.91,894.17
2020-09-18,135662430.29,-0.06311431825992464,5,65275978.9,2412.4,888.88
2020-09-21,132064408.6,-0.08796228093275393,2,108489614.17,2389.39,866.99
2020-09-25,131285870.46,-0.0933388707114815,0,131285870.46,2278.79,808.28
2020-09-28,131124630.75,-0.09445239326377541,1,126381052.08,2308.08,835.91
2020-10-02,131149420.13,-0.09428119763406739,1,126381052.08,2327.89,848.15
2020-10-05,131608349.87,-0.09111182567595355,1,126381052.08,2358.0,858.39
2020-10-09,132439229.06,-0.08537376824396781,1,126381052.08,2391.96,871.62
2020-10-12,132470324.51,-0.08515902285123089,1,126381052.08,2403.73,873.5
2020-10-16,131893645.21,-0.0891415740849878,1,126381052.08,2341.53,833.84
2020-10-19,131738494.12,-0.09021304858545653,0,131738494.12,2346.74,822.25
2020-10-23,131738494.12,-0.09021304858545653,0,131738494.12,2360.81,807.98
2020-10-26,131738494.12,-0.09021304858545653,0,131738494.12,2343.91,778.02
2020-10-30,131738494.12,-0.09021304858545653,0,131738494.12,2267.15,792.65
2020-11-02,131738494.12,-0.09021304858545653,0,131738494.12,2300.16,802.95
2020-11-06,131738494.12,-0.09021304858545653,0,131738494.12,2416.5,836.78
2020-11-09,131738494.12,-0.09021304858545653,0,131738494.12,2447.2,851.21
2020-11-13,131738494.12,-0.09021304858545653,0,131738494.12,2493.87,839.14
2020-11-16,131781218.6,-0.08991799303112058,4,106504061.92,2543.03,847.33
2020-11-20,131745143.68,-0.09016712667811233,3,112743368.09,2553.5,870.18
2020-11-23,131626649.28,-0.09098544982394619,3,112743368.09,2602.59,873.29
2020-11-27,131527497.5,-0.09167019270229848,2,117679845.4,2633.45,885.56
2020-11-30,131218786.23,-0.09380215486777443,2,117679845.4,2591.34,886.11
2020-12-04,130448191.16,-0.09912388975015263,4,105733528.06,2731.45,913.76
2020-12-07,131033184.96,-0.0950839185218979,4,105733528.06,2745.44,926.88
2020-12-11,132263280.72,-0.08658886869675753,4,105347647.69,2770.06,928.44
2020-12-14,133197801.78,-0.08013505979382873,4,105347647.69,2762.2,929.54
2020-12-18,136910931.41,-0.05449216089134423,4,105347647.69,2772.18,947.24
2020-12-21,135738333.15,-0.06259013258386736,4,105347647.69,2778.65,953.58
2020-12-25,134991171.92,-0.06775003320515183,4,104615855.52,2806.86,928.68
2020-12-28,134509480.27,-0.07107659907113273,3,108444167.48,2808.6,927.0
2021-01-01,136150144.39,-0.059746161312596024,3,108444167.48,2873.47,968.42
2021-01-04,137051639.81,-0.053520427707892004,2,114954434.05,2944.45,977.62
2021-01-08,136560517.56,-0.056912121362689305,5,87768411.55,3152.18,987.79
2021-01-11,135553317.17,-0.06386785422120345,5,87504761.37,3148.45,976.63
2021-01-15,132688713.97,-0.0836508237302247,3,106392238.39,3085.9,964.44
2021-01-18,131926584.77,-0.08891409325583821,2,112268567.14,3013.93,944.67
2021-01-22,134196182.53,-0.0732402354301459,4,97958428.49,3140.63,979.98
2021-01-25,136588223.44,-0.05672078436381267,4,97958428.49,3208.99,999.3
2021-01-29,131501566.83,-0.09184927008863897,3,103355897.32,2976.21,928.73
2021-02-01,133241258.75,-0.07983494565848726,3,103355897.32,3056.53,956.92
2021-02-05,132980631.87,-0.08163483669410132,3,103355897.32,3120.63,967.42
2021-02-08,132846709.61,-0.08255970474778473,3,103355897.32,3091.24,960.78
2021-02-12,133893325.7,-0.07533176679249609,3,103355897.32,3100.58,964.31
2021-02-15,133424624.0,-0.0785686239739467,3,103355897.32,3147.0,981.97
2021-02-19,133432234.33,-0.07851606698233848,3,103355897.32,3107.62,965.11
2021-02-22,132573192.75,-0.08444861407441784,2,111791442.88,3079.75,954.29
2021-02-26,131363192.83,-0.09280488188954783,1,119702148.35,3012.95,913.94
2021-03-01,131363192.83,-0.09280488188954783,1,119702148.35,3012.95,913.94
2021-03-05,130690440.26,-0.09745091579030785,0,130690440.26,3026.26,923.48
2021-03-08,130690440.26,-0.09745091579030785,0,130690440.26,2996.11,904.77
2021-03-12,130690440.26,-0.09745091579030785,0,130690440.26,3054.39,925.49
2021-03-15,130690440.26,-0.09745091579030785,0,130690440.26,3045.71,926.9
2021-03-19,130690440.26,-0.09745091579030785,0,130690440.26,3039.53,952.11
2021-03-22,130690440.26,-0.09745091579030785,0,130690440.26,3035.46,955.38
2021-03-26,130690440.26,-0.09745091579030785,0,130690440.26,3041.01,956.7
2021-03-29,130690440.26,-0.09745091579030785,0,130690440.26,3036.04,954.1
2021-04-02,130690440.26,-0.09745091579030785,0,130690440.26,3112.8,970.09
2021-04-05,130690440.26,-0.09745091579030785,0,130690440.26,3120.83,969.77
2021-04-09,130690440.26,-0.09745091579030785,0,130690440.26,3131.88,989.39
2021-04-12,130690440.26,-0.09745091579030785,0,130690440.26,3135.59,1000.65
2021-04-16,130690440.26,-0.09745091579030785,0,130690440.26,3198.62,1021.62
2021-04-19,130690440.26,-0.09745091579030785,0,130690440.26,3198.84,1029.46
2021-04-23,130690440.26,-0.09745091579030785,0,130690440.26,3186.1,1026.82
2021-04-26,130690440.26,-0.09745091579030785,0,130690440.26,3217.53,1030.06
2021-04-30,130690440.26,-0.09745091579030785,0,130690440.26,3147.86,983.45
2021-05-03,130690440.26,-0.09745091579030785,0,130690440.26,3127.2,961.81
2021-05-07,130690440.26,-0.09745091579030785,0,130690440.26,3197.2,978.3
2021-05-10,130690440.26,-0.09745091579030785,0,130690440.26,3249.3,992.8
2021-05-14,130690440.26,-0.09745091579030785,0,130690440.26,3153.32,966.72
2021-05-17,130690440.26,-0.09745091579030785,0,130690440.26,3134.52,962.5
2021-05-21,130690440.26,-0.09745091579030785,0,130690440.26,3156.42,965.63
2021-05-24,130690440.26,-0.09745091579030785,0,130690440.26,3144.3,948.37
2021-05-28,130690440.26,-0.09745091579030785,0,130690440.26,3188.73,977.46
2021-05-31,130690440.26,-0.09745091579030785,0,130690440.26,3203.92,981.78
2021-06-04,130690440.26,-0.09745091579030785,0,130690440.26,3240.08,987.58
2021-06-07,130690440.26,-0.09745091579030785,0,130690440.26,3252.12,985.86
2021-06-11,130690440.26,-0.09745091579030785,0,130690440.26,3249.32,991.13
2021-06-14,130690440.26,-0.09745091579030785,0,130690440.26,3252.13,997.41
2021-06-18,130690440.26,-0.09745091579030785,0,130690440.26,3267.93,1015.88
2021-06-21,130690440.26,-0.09745091579030785,0,130690440.26,3240.79,1010.99
2021-06-25,130690440.26,-0.09745091579030785,0,130690440.26,3302.84,1012.13
2021-06-28,130690440.26,-0.09745091579030785,0,130690440.26,3301.89,1017.91
2021-07-02,130690440.26,-0.09745091579030785,0,130690440.26,3281.78,1038.18
2021-07-05,130690440.26,-0.09745091579030785,0,130690440.26,3293.21,1047.33
2021-07-09,130690440.26,-0.09745091579030785,0,130690440.26,3217.95,1028.93
2021-07-12,130690440.26,-0.09745091579030785,0,130690440.26,3246.47,1034.64
2021-07-16,130690440.26,-0.09745091579030785,0,130690440.26,3276.91,1051.98
2021-07-19,130690440.26,-0.09745091579030785,0,130690440.26,3244.04,1049.83
2021-07-23,130690440.26,-0.09745091579030785,0,130690440.26,3254.42,1055.5
2021-07-26,130690440.26,-0.09745091579030785,0,130690440.26,3224.95,1047.63
2021-07-30,130690440.26,-0.09745091579030785,0,130690440.26,3202.32,1031.14
2021-08-02,130690440.26,-0.09745091579030785,0,130690440.26,3223.04,1037.8
2021-08-06,130690440.26,-0.09745091579030785,0,130690440.26,3270.36,1059.8
2021-08-09,130690440.26,-0.09745091579030785,0,130690440.26,3260.42,1060.0
2021-08-13,130690440.26,-0.09745091579030785,0,130690440.26,3171.29,1040.78
2021-08-16,130690440.26,-0.09745091579030785,0,130690440.26,3171.29,1040.78
2021-08-20,130690440.26,-0.09745091579030785,0,130690440.26,3060.51,967.9
2021-08-23,130690440.26,-0.09745091579030785,0,130690440.26,3090.21,993.18
2021-08-27,130690440.26,-0.09745091579030785,0,130690440.26,3133.9,1023.51
2021-08-30,130690440.26,-0.09745091579030785,0,130690440.26,3144.19,1031.84
2021-09-03,130444445.29,-0.09914975875427667,3,103280384.82,3201.06,1053.85
2021-09-06,131012522.11,-0.09522661630688933,3,103280384.82,3203.33,1052.96
2021-09-10,130797162.44,-0.09671389167720335,5,84075706.52,3125.76,1037.91
2021-09-13,132373799.04,-0.0858256284145612,5,84075706.52,3127.86,1026.34
2021-09-17,137018651.53,-0.05374824499769859,6,75177943.7,3140.51,1046.12
2021-09-20,137081339.8,-0.053315319371565195,7,65910527.5,3140.51,1046.12
2021-09-24,139530608.41,-0.036400653413280804,7,65910527.5,3125.24,1037.03
2021-09-27,141065995.69,-0.02579725823981338,6,74436550.4,3133.64,1034.82
2021-10-01,135729261.73,-0.06265277987311979,3,102677033.05,3019.18,983.2
2021-10-04,135729261.73,-0.06265277987311979,3,102677033.05,3019.18,983.2
2021-10-08,136961526.16,-0.054142753197962246,2,111958689.9,2956.3,953.11
2021-10-11,136961526.16,-0.054142753197962246,2,111958689.9,2956.3,953.11
2021-10-15,134169449.58,-0.07342485336771443,2,111958689.9,3015.06,990.54
2021-10-18,133498718.69,-0.07805692553241383,1,121925555.58,3006.68,993.86
2021-10-22,132555195.02,-0.08457290652225902,1,121925555.58,3006.16,995.07
2021-10-25,132047982.88,-0.08807571706866402,1,121925555.58,3020.54,994.31
2021-10-29,131966174.47,-0.08864068651386026,1,121925555.58,2970.68,992.33
2021-11-01,131998897.83,-0.0884146987634058,1,121925555.58,2978.94,998.57
2021-11-05,133335101.86,-0.0791868644918664,1,121925555.58,2969.27,1001.35
2021-11-08,133395094.7,-0.07877255352395307,1,121925555.58,2960.2,1002.5
2021-11-12,134453150.14,-0.07146561533845719,1,121925555.58,2968.8,1009.07
2021-11-15,134584043.59,-0.07056166426757904,1,121925555.58,2999.52,1029.03
2021-11-19,135451212.74,-0.06457298812087431,1,121925555.58,2971.02,1041.92
2021-11-22,134594951.38,-0.0704863349944076,1,121925555.58,3013.25,1032.31
2021-11-26,134649490.32,-0.07010968869761003,1,121925555.58,2936.44,1005.89
2021-11-29,134442242.35,-0.07154094461162863,1,121925555.58,2909.32,992.34
2021-12-03,133433271.96,-0.07850890110238284,1,121925555.58,2968.33,998.47
2021-12-06,132975144.86,-0.08167273002310604,1,121925555.58,2973.25,991.87
2021-12-10,133155123.36,-0.08042979725748622,1,121925555.58,3010.23,1011.57
2021-12-13,133013322.12,-0.0814090776015357,1,121925555.58,3001.66,1005.96
2021-12-17,132816981.93,-0.08276500431144285,0,132816981.93,3017.73,1001.26
2021-12-20,132816981.93,-0.08276500431144285,0,132816981.93,2963.0,990.51
2021-12-24,132816981.93,-0.08276500431144285,0,132816981.93,3012.43,1007.42
2021-12-27,132816981.93,-0.08276500431144285,0,132816981.93,2999.55,1011.36
2021-12-31,132816981.93,-0.08276500431144285,0,132816981.93,2977.65,1033.98
2022-01-03,132816981.93,-0.08276500431144285,0,132816981.93,2988.77,1037.83
2022-01-07,132816981.93,-0.08276500431144285,0,132816981.93,2954.89,995.16
2022-01-10,132816981.93,-0.08276500431144285,0,132816981.93,2926.72,980.38
2022-01-14,132816981.93,-0.08276500431144285,0,132816981.93,2921.92,971.39
2022-01-17,132816981.93,-0.08276500431144285,0,132816981.93,2890.1,957.9
2022-01-21,132816981.93,-0.08276500431144285,0,132816981.93,2834.29,942.85
2022-01-24,132816981.93,-0.08276500431144285,0,132816981.93,2792.0,915.4
2022-01-28,132816981.93,-0.08276500431144285,0,132816981.93,2663.34,872.87
2022-01-31,132816981.93,-0.08276500431144285,0,132816981.93,2663.34,872.87
2022-02-04,132816981.93,-0.08276500431144285,0,132816981.93,2750.26,902.87
2022-02-07,132816981.93,-0.08276500431144285,0,132816981.93,2745.06,899.4
2022-02-11,132816981.93,-0.08276500431144285,0,132816981.93,2747.71,877.42
2022-02-14,132816981.93,-0.08276500431144285,0,132816981.93,2704.48,852.79
2022-02-18,132816981.93,-0.08276500431144285,0,132816981.93,2744.52,881.71
2022-02-21,132816981.93,-0.08276500431144285,0,132816981.93,2743.8,884.25
2022-02-25,132816981.93,-0.08276500431144285,0,132816981.93,2676.76,872.98
2022-02-28,132816981.93,-0.08276500431144285,0,132816981.93,2699.18,881.07
2022-03-04,132816981.93,-0.08276500431144285,0,132816981.93,2713.43,900.96
2022-03-07,132816981.93,-0.08276500431144285,0,132816981.93,2651.31,881.54
2022-03-11,132969812.43,-0.08170955582156181,2,123783645.66,2661.28,891.71
2022-03-14,132548427.1,-0.08461964582458181,2,123783645.66,2645.65,872.44
2022-03-18,132877654.64,-0.08234599815660804,4,100142256.08,2707.02,922.96
2022-03-21,133384330.25,-0.07884689289009339,4,100142256.08,2686.05,918.4
2022-03-25,136973798.13,-0.05405800288827689,4,100142256.08,2729.98,934.69
2022-03-28,135647974.22,-0.06321415197931379,6,78281781.52,2729.56,927.11
2022-04-01,134712947.38,-0.06967145380242035,7,64710939.78,2739.85,940.57
2022-04-04,135174266.74,-0.06648557911206121,7,64710939.78,2757.9,947.32
2022-04-08,134914774.36,-0.06827763528282982,7,62223769.3,2700.39,934.73
2022-04-11,132893959.77,-0.08223339481607184,7,62223769.3,2693.1,921.83
2022-04-15,131805706.83,-0.08974887714539515,8,41065761.3,2696.06,924.44
2022-04-18,131805453.4,-0.0897506273347276,8,41065761.3,2693.21,918.23
2022-04-22,135570597.18,-0.0637485183526455,11,14094705.84,2704.71,922.78
2022-04-25,131212559.63,-0.09384515581043373,10,23230195.34,2657.13,899.84
2022-04-29,127991580.17,-0.11608926223549254,8,45177177.68,2695.05,904.75
2022-05-02,126920098.42,-0.12348892261069655,6,66831979.69,2687.45,901.82
2022-05-06,125418713.77,-0.13385749538624292,4,82509861.21,2644.51,884.22
2022-05-09,124063868.53,-0.14321406598295328,4,82509861.21,2610.81,860.84
2022-05-13,123380811.55,-0.1479312622104323,2,104853683.52,2604.24,853.08
2022-05-16,123254532.22,-0.14880334813668195,2,104853683.52,2596.58,856.25
2022-05-20,123779259.12,-0.14517958053659563,5,74337257.18,2639.29,879.88
2022-05-23,124102136.55,-0.1429497867721954,5,74337257.18,2647.38,883.59
2022-05-27,123985949.25,-0.14375217706947474,5,70878644.53,2638.05,873.97
2022-05-30,124589247.58,-0.13958579463045728,5,70878644.53,2669.66,886.44
2022-06-03,123910224.97,-0.144275129470817,4,79925065.25,2670.65,891.51
2022-06-06,123759734.63,-0.14531441679955504,5,68843504.12,2670.65,891.51
2022-06-10,124496887.77,-0.1402236321170205,6,53603069.99,2595.87,869.86
2022-06-13,122797125.31,-0.15196220342028477,4,74395290.23,2504.51,828.77
2022-06-17,120028970.19,-0.17107910182185093,3,88416489.64,2440.93,798.69
2022-06-20,120223282.9,-0.1697371769028445,3,88416489.64,2391.03,769.92
2022-06-24,119097551.88,-0.17751148311182308,1,111767190.97,2366.6,750.3
2022-06-27,119097551.88,-0.17751148311182308,1,111767190.97,2401.92,770.6
2022-07-01,119097551.88,-0.17751148311182308,1,111767190.97,2305.42,729.48
2022-07-04,119097551.88,-0.17751148311182308,1,111767190.97,2300.34,722.73
2022-07-08,119097551.88,-0.17751148311182308,1,111767190.97,2350.61,766.48
2022-07-11,119097551.88,-0.17751148311182308,1,111767190.97,2340.27,767.04
2022-07-15,119097551.88,-0.17751148311182308,1,111767190.97,2330.98,762.39
2022-07-18,118978512.72,-0.17833356837398406,4,87270508.81,2375.25,776.72
2022-07-22,119842267.99,-0.17236846850616772,5,82291306.93,2393.14,789.75
2022-07-25,120247704.8,-0.16956851909255788,5,82291306.93,2403.69,789.69
2022-07-29,120508894.0,-0.1677647446711351,4,86872172.66,2451.5,803.62
2022-08-01,121187769.28,-0.16307642729277416,4,86872172.66,2452.25,807.61
2022-08-05,121104060.69,-0.16365451939419096,10,27888424.79,2490.8,831.64
2022-08-08,122493151.18,-0.15406145086416156,10,27888424.79,2493.1,830.86
2022-08-12,122724565.79,-0.15246329996718144,11,16692970.38,2527.94,831.63
2022-08-15,122724565.79,-0.15246329996718144,11,16692970.38,2527.94,831.63
2022-08-19,124086860.68,-0.14305528203605378,9,36803754.87,2492.69,814.17
2022-08-22,122784504.98,-0.15204935950653908,9,36803754.87,2462.5,795.87
2022-08-26,122054973.13,-0.15708751150762956,8,45322919.97,2481.03,802.45
2022-08-29,120774510.51,-0.16593039521623587,6,59388427.91,2426.89,779.89
2022-09-02,120325336.37,-0.16903239493328592,4,82547202.71,2409.41,785.88
2022-09-05,119412769.9,-0.17533458528585044,4,82547202.71,2403.68,771.43
2022-09-09,119826807.25,-0.17247524048352458,3,91147462.73,2384.28,777.81
2022-09-12,119826807.25,-0.17247524048352458,3,91147462.73,2384.28,777.81
2022-09-16,119285307.67,-0.1762148403276802,3,91147462.73,2382.78,770.04
2022-09-19,118640020.37,-0.1806711988838875,2,102671117.02,2355.66,751.91
2022-09-23,118387215.97,-0.18241706781852618,1,111056855.05,2290.0,729.36
2022-09-26,118387215.97,-0.18241706781852618,1,111056855.05,2220.94,692.37
2022-09-30,118387215.97,-0.18241706781852618,1,111056855.05,2155.49,672.65
2022-10-03,118387215.97,-0.18241706781852618,1,111056855.05,2155.49,672.65
2022-10-07,118387215.97,-0.18241706781852618,1,111056855.05,2232.84,698.49
2022-10-10,118387215.97,-0.18241706781852618,1,111056855.05,2232.84,698.49
2022-10-14,118387215.97,-0.18241706781852618,1,111056855.05,2212.55,678.24
2022-10-17,118387215.97,-0.18241706781852618,1,111056855.05,2219.71,682.0
2022-10-21,118387215.97,-0.18241706781852618,1,111056855.05,2213.12,674.48
2022-10-24,118387215.97,-0.18241706781852618,1,111056855.05,2236.16,688.5
2022-10-28,118112071.01,-0.18431722081501822,3,91358571.2,2268.4,687.63
2022-10-31,117943622.91,-0.18548052455850106,3,91358571.2,2293.61,695.33
2022-11-04,118706690.19,-0.18021077664592033,3,91358571.2,2348.43,693.89
2022-11-07,118485111.06,-0.18174100365000434,3,91358571.2,2371.79,700.48
2022-11-11,118948859.04,-0.17853835689313058,3,91358571.2,2483.16,731.22
2022-11-14,119487587.31,-0.1748178957349995,5,70745858.44,2474.65,729.54
2022-11-18,118070836.0,-0.18460199007923406,5,70745858.44,2444.48,731.92
2022-11-21,118040668.89,-0.18481032434951106,4,81371844.58,2419.5,718.57
2022-11-25,118241421.69,-0.1834239241244291,4,81371844.58,2437.86,733.56
2022-11-28,117833058.52,-0.18624408300043582,4,81371844.58,2408.27,717.9
2022-12-02,117951003.6,-0.1854295534623207,4,81371844.58,2434.33,732.95
2022-12-05,116839039.62,-0.19310878439785484,4,81371844.58,2419.32,733.32
2022-12-09,115477193.31,-0.20251370443240035,4,79417774.95,2389.04,719.49
2022-12-12,115062898.76,-0.20537482545970476,2,97540196.09,2373.02,715.22
2022-12-16,115137476.87,-0.20485978851630882,2,97540196.09,2360.02,717.41
2022-12-19,115410929.94,-0.20297131972385674,2,97540196.09,2352.17,717.22
2022-12-23,115137476.87,-0.20485978851630882,2,97540196.09,2313.69,691.25
2022-12-26,115038039.39,-0.20554650444083677,2,97540196.09,2317.14,694.68
2022-12-30,115163032.93,-0.20468329818921893,3,85074567.48,2236.4,679.29
2023-01-02,114300460.27,-0.21064023094419715,3,85074567.48,2225.67,671.51
2023-01-06,113341743.61,-0.21726113482804776,1,106011382.7,2289.97,688.94
2023-01-09,113341743.61,-0.21726113482804776,1,106011382.7,2350.19,701.21
2023-01-13,113341743.61,-0.21726113482804776,1,106011382.7,2386.09,711.82
2023-01-16,113341743.61,-0.21726113482804776,1,106011382.7,2399.86,716.89
2023-01-20,112076915.46,-0.22599604677871576,2,96622658.3,2395.26,717.97
2023-01-23,112076915.46,-0.22599604677871576,2,96622658.3,2395.26,717.97
2023-01-27,113311747.68,-0.21746828692806097,2,96622658.3,2484.02,741.25
2023-01-30,113281751.76,-0.2176754389590142,2,96622658.3,2450.47,738.62
2023-02-03,113196006.23,-0.21826759818215713,3,85761108.7,2480.4,766.79
2023-02-06,113895702.76,-0.21343548910730936,3,85761108.7,2438.19,761.33
2023-02-10,117223666.39,-0.19045254926439437,3,85761108.7,2469.73,772.44
2023-02-13,117933952.05,-0.18554731158453874,3,85761108.7,2452.7,772.55
2023-02-17,119802573.11,-0.17264260162195288,3,85761108.7,2451.21,775.62
2023-02-20,121028070.84,-0.1641793058237897,3,85761108.7,2455.12,788.89
2023-02-24,120707429.63,-0.16639365623740576,2,94398735.14,2423.61,778.88
2023-02-27,123687620.77,-0.1458124356154098,2,94398735.14,2402.64,780.3
2023-03-03,125216887.3,-0.1352513103837697,2,94398735.14,2432.07,802.42
2023-03-06,126001106.05,-0.1298354902730986,2,94398735.14,2462.62,816.51
2023-03-10,125922764.12,-0.1303765201834428,2,94398735.14,2394.59,788.6
2023-03-13,130078883.67,-0.10167432982999447,2,94398735.14,2410.6,788.89
2023-03-17,133059074.8,-0.0810931092770586,2,94398735.14,2395.69,797.39
2023-03-20,133333671.28,-0.07919674408723942,2,94398735.14,2379.2,802.2
2023-03-24,137490190.53,-0.050491793402826946,2,94398735.14,2414.96,824.11
2023-03-27,136156778.84,-0.059700343755016205,2,94398735.14,2409.22,827.69
2023-03-31,140822920.37,-0.02747593808069171,2,94398735.14,2476.86,847.52
2023-04-03,140901662.01,-0.026932147770323378,2,94398735.14,2472.34,854.96
2023-04-07,147136241.04,0.0,2,94398735.14,2490.41,880.07
2023-04-10,158350729.06,0.0,2,94398735.14,2512.08,887.78
2023-04-14,149645581.16,-0.054973841621541064,2,94398735.14,2571.49,903.84
2023-04-17,150116432.18,-0.05200037239411748,2,94398735.14,2575.91,909.5
2023-04-21,146744131.67,-0.0732967726697501,2,94398735.14,2544.4,868.82
2023-04-24,148626336.61,-0.06141046844385134,2,94398735.14,2523.5,855.23
2023-04-28,158978263.94,0.0,2,94398735.14,2501.53,842.83
2023-05-01,158978263.94,0.0,2,94398735.14,2501.53,842.83
2023-05-05,155292195.99,-0.023185986930836955,2,94398735.14,2500.94,845.06
2023-05-08,151763211.61,-0.0453838918050018,2,94398735.14,2513.21,842.28
2023-05-12,144391475.42,-0.09175335142359597,2,94398735.14,2475.42,822.43
2023-05-15,142587612.41,-0.10309995293561636,2,94398735.14,2479.35,814.53
2023-05-19,143450173.1,-0.0976743012230934,2,94398735.14,2537.79,841.72
2023-05-22,146194938.72,-0.08040926415465544,2,94398735.14,2557.08,852.04
2023-05-26,144234391.85,-0.09274143348026798,2,94398735.14,2558.81,843.23
2023-05-29,144234391.85,-0.09274143348026798,2,94398735.14,2558.81,843.23
2023-06-02,146194938.72,-0.08040926415465544,2,94398735.14,2601.36,868.06
2023-06-05,146116596.79,-0.08090204806145151,2,94398735.14,2615.41,870.28
2023-06-09,154272551.73,-0.02959972070003225,2,94398735.14,2641.16,883.71
2023-06-12,155998072.8,-0.0187459031577093,2,94398735.14,2629.35,885.76
2023-06-16,159762482.69,0.0,2,94398735.14,2625.79,887.95
2023-06-19,162271822.81,0.0,2,94398735.14,2609.5,888.61
2023-06-23,161173836.62,-0.006766339164659518,2,94398735.14,2570.1,874.84
2023-06-26,161409262.12,-0.0053155296776936645,2,94398735.14,2582.2,879.5
2023-06-30,160860468.88,-0.008697467653719038,2,94398735.14,2564.28,868.24
2023-07-03,172937517.57,0.0,2,94398735.14,2602.47,889.29
2023-07-07,178584132.4,0.0,2,94398735.14,2526.71,867.27
2023-07-10,177407804.27,-0.006586968921545644,2,94398735.14,2520.7,860.35
2023-07-14,179211267.58,0.0,2,94398735.14,2628.3,896.28
2023-07-17,180074227.96,0.0,2,94398735.14,2619.0,898.29
2023-07-21,191367057.91,0.0,2,94398735.14,2609.76,934.58
2023-07-24,192778811.54,0.0,2,94398735.14,2628.53,929.9
2023-07-28,188308524.84,-0.023188682741061672,2,94398735.14,2608.32,913.74
2023-07-31,196386137.85,0.0,2,94398735.14,2632.58,935.97
2023-08-04,193798056.09,-0.013178535859678542,2,94398735.14,2602.8,918.43
2023-08-07,185328333.71,-0.05630643924799805,2,94398735.14,2580.71,898.22
2023-08-11,190896606.6,-0.027952743050494333,2,94398735.14,2591.26,912.2
2023-08-14,187445964.16,-0.045523445737440604,2,94398735.14,2570.87,901.68
2023-08-18,186112552.46,-0.05231319024078451,2,94398735.14,2504.5,877.32
2023-08-21,193876797.73,-0.012777582712669044,2,94398735.14,2508.8,888.71
2023-08-25,200307231.6,0.0,2,94398735.14,2519.14,899.38
2023-08-28,200150547.73,-0.0007822177399610108,2,94398735.14,2543.41,909.38
2023-09-01,194190165.47,-0.030538418813632062,2,94398735.14,2563.71,919.74
2023-09-04,188857717.79,-0.05715976262336797,2,94398735.14,2584.55,919.16
2023-09-08,184073663.65,-0.08104334436820193,1,176743302.74,2547.68,914.18
2023-09-11,184073663.65,-0.08104334436820193,1,176743302.74,2556.88,912.55
2023-09-15,184073663.65,-0.08104334436820193,1,176743302.74,2601.28,899.03
2023-09-18,184073663.65,-0.08104334436820193,1,176743302.74,2574.72,891.29
2023-09-22,184073663.65,-0.08104334436820193,1,176743302.74,2508.13,857.35
2023-09-25,184073663.65,-0.08104334436820193,1,176743302.74,2495.76,839.17
2023-09-29,184073663.65,-0.08104334436820193,1,176743302.74,2465.07,841.02
2023-10-02,184073663.65,-0.08104334436820193,1,176743302.74,2465.07,841.02
2023-10-06,184073663.65,-0.08104334436820193,1,176743302.74,2408.73,816.39
2023-10-09,184073663.65,-0.08104334436820193,1,176743302.74,2408.73,816.39
2023-10-13,184717978.79,-0.07782670992693208,7,122596287.83,2456.15,822.78
2023-10-16,184619712.78,-0.07831728637399826,6,128492481.55,2436.24,810.54
2023-10-20,180602781.05,-0.0983711391376445,4,133752889.06,2375.0,769.25
2023-10-23,180159240.5,-0.1005854403710904,3,144923204.44,2357.02,763.69
2023-10-27,179843704.23,-0.10216070187053594,3,144923204.44,2302.81,748.49
2023-10-30,180395468.99,-0.09940610955955109,3,144923204.44,2310.55,757.12
2023-11-03,180325761.43,-0.09975411277163293,3,144923204.44,2368.34,782.05
2023-11-06,180746185.92,-0.09765521456091053,3,144923204.44,2502.37,839.45
2023-11-10,181907066.68,-0.09185971356612765,4,132509690.66,2409.66,789.31
2023-11-13,181262190.33,-0.09507914975347287,5,121390845.66,2403.76,774.42
2023-11-17,177797217.82,-0.11237743939745015,3,143756994.36,2469.85,799.06
2023-11-20,177954151.07,-0.1115939766699866,3,143756994.36,2491.2,813.08
2023-11-24,180578188.37,-0.09849391393615559,3,143756994.36,2496.63,815.0
2023-11-27,180217548.64,-0.10029434683675198,3,143756994.36,2495.66,810.25
2023-12-01,180315537.32,-0.09980515491283937,3,143756994.36,2505.01,827.24
2023-12-04,179711605.85,-0.10282018070684573,3,143756994.36,2514.95,828.52
2023-12-08,179874982.62,-0.10200454979479623,2,159154581.06,2517.85,830.37
2023-12-11,179781545.98,-0.10247101642834544,2,159154581.06,2525.36,835.25
2023-12-15,179594558.75,-0.10340451857156008,2,159154581.06,2563.56,838.31
2023-12-18,179833391.92,-0.10221218433533585,2,159154581.06,2566.86,850.96
2023-12-22,180217735.58,-0.10029341357039645,2,159154581.06,2599.51,854.62
2023-12-25,180217735.58,-0.10029341357039645,2,159154581.06,2599.51,854.62
2023-12-29,180733460.27,-0.09771874521778368,2,159154581.06,2655.28,866.57
2024-01-01,180733460.27,-0.09771874521778368,2,159154581.06,2655.28,866.57
2024-01-05,180213215.36,-0.1003159800047877,3,144934193.44,2578.08,878.33
2024-01-08,178774787.18,-0.10749708958585591,3,144934193.44,2567.82,879.34
2024-01-12,177854147.45,-0.11209322784130582,2,158016950.05,2525.05,868.08
2024-01-15,177647333.41,-0.1131257119825323,2,158016950.05,2525.99,859.71
2024-01-19,176961599.61,-0.11654912208371804,2,158016950.05,2472.74,842.67
2024-01-22,177233705.35,-0.11519068016513889,2,158016950.05,2464.35,839.69
2024-01-26,178158956.01,-0.11057152262095371,2,158016950.05,2478.56,837.24
2024-01-29,177908614.17,-0.111821311947082,2,158016950.05,2500.65,819.14
2024-02-02,177143690.56,-0.1156400637908871,5,136264573.85,2615.31,814.77
2024-02-05,177661015.71,-0.11305740541221676,5,136264573.85,2591.31,807.99
2024-02-09,178926894.4,-0.10673771999752402,7,110720228.64,2620.32,826.58
2024-02-12,178926894.4,-0.10673771999752402,7,110720228.64,2620.32,826.58
2024-02-16,181597043.8,-0.09340745039781173,8,98399153.29,2648.76,857.6
2024-02-19,184282471.05,-0.0800009087140715,8,98399153.29,2680.26,858.47
2024-02-23,194041291.75,-0.03128164569970515,10,69818426.48,2667.7,868.57
2024-02-26,195217416.0,-0.025410044157387235,9,84739395.31,2647.08,867.4
2024-03-01,189891932.68,-0.05199661957686397,8,96516970.19,2642.36,862.96
2024-03-04,191643950.89,-0.04324996477061793,7,105394518.86,2674.27,872.97
2024-03-08,191703840.62,-0.04295097541550763,7,99573523.59,2680.35,873.18
2024-03-11,190667250.9,-0.04812597439941846,7,99573523.59,2659.84,875.93
2024-03-15,194185170.43,-0.030563355706624384,8,86058226.04,2666.84,880.46
2024-03-18,197073242.84,-0.01614514231047859,8,86058226.04,2685.84,894.48
2024-03-22,198672019.19,-0.008163521590999756,7,99502203.75,2748.56,903.98
2024-03-25,199789569.26,-0.0025843417427571236,7,99502203.75,2737.57,913.69
2024-03-29,201578827.68,0.0,7,99502203.75,2746.63,905.5
2024-04-01,198857905.16,-0.013498057069363356,7,99502203.75,2747.86,912.45
2024-04-05,197792379.96,-0.018783955455931478,6,113311203.86,2714.21,872.29
2024-04-08,197808365.85,-0.018704652038087577,6,113311203.86,2717.65,860.57
2024-04-12,205602866.25,0.0,5,119286127.56,2681.82,860.47
2024-04-15,205038872.6,-0.0027431215346688242,5,119286127.56,2670.43,852.42
2024-04-19,201727939.92,-0.01884665520804729,3,144818615.5,2591.86,841.91
2024-04-22,199304303.38,-0.030634606340270376,3,144818615.5,2629.44,845.82
2024-04-26,203063029.94,-0.012353117231895583,3,144818615.5,2656.33,856.82
2024-04-29,202538174.33,-0.014905881303588053,3,144818615.5,2687.44,869.72
2024-05-03,200730009.09,-0.023700336716487747,3,144818615.5,2676.63,865.59
2024-05-06,200730009.09,-0.023700336716487747,3,144818615.5,2676.63,865.59
2024-05-10,204587959.04,-0.0049362502989911405,12,46748829.9,2727.63,864.16
2024-05-13,201868386.15,-0.018163560499487863,13,39698087.51,2727.21,854.43
2024-05-17,196035436.13,-0.04653354447095415,12,38907262.01,2724.62,855.06
2024-05-20,202284744.4,-0.016138499966072306,12,38907262.01,2742.14,847.08
2024-05-24,207761711.8,0.0,12,40158566.2,2687.6,839.41
2024-05-27,212924432.71,0.0,15,-458964.15,2722.99,847.99
2024-05-31,216264704.69,0.0,14,1727146.34,2636.52,839.98
2024-06-03,219185763.61,0.0,13,15458608.77,2682.52,844.72
2024-06-07,220093410.23,0.0,15,-17621761.46,2722.67,866.18
2024-06-10,230696790.96,0.0,15,-17621761.46,2701.17,864.71
2024-06-14,247721590.88,0.0,17,-46666625.66,2758.42,862.19
2024-06-17,247712895.7,-3.51006142383925e-05,18,-67495760.61,2744.1,858.96
2024-06-21,252650076.68,0.0,18,-63676774.26,2784.26,852.67
2024-06-24,244115375.24,-0.03378071976922381,17,-52951675.89,2764.73,841.52
2024-06-28,243246691.75,-0.037219006831769486,18,-68487978.89,2797.82,840.44
2024-07-01,232445685.42,-0.07996985999569028,16,-33494067.45,2804.31,847.15
2024-07-05,231737619.27,-0.08277241663570589,13,11129775.16,2862.23,847.49
2024-07-08,235731276.23,-0.06696534856559311,12,21236135.25,2857.76,859.27
2024-07-12,232279441.46,-0.08062786082507667,12,18757239.09,2857.0,850.37
2024-07-15,233813997.76,-0.07455402019868496,11,32454620.72,2860.92,852.88
2024-07-19,219261188.72,-0.13215467178460227,6,108966585.67,2795.46,828.72
2024-07-22,216418477.42,-0.14340624683795378,4,136362823.68,2763.51,809.96
2024-07-26,217143165.42,-0.14053790019217827,5,111012359.79,2731.9,797.56
2024-07-29,220312736.97,-0.12799259804285612,5,111012359.79,2765.53,807.99
2024-08-02,211153192.29,-0.16424647455206942,4,147905289.15,2676.19,779.33
2024-08-05,206027689.91,-0.184533436057693,1,198697328.99,2441.55,691.28
2024-08-09,206027689.91,-0.184533436057693,1,198697328.99,2588.43,764.43
2024-08-12,206027689.91,-0.184533436057693,1,198697328.99,2618.3,772.72
2024-08-16,205805993.27,-0.18541092100807666,4,174620503.06,2697.23,786.33
2024-08-19,205901578.47,-0.1850325906261665,4,174620503.06,2674.36,777.47
2024-08-23,205792672.47,-0.18546364531425963,4,169958972.06,2701.69,773.26
2024-08-26,204949495.15,-0.18880097784579863,4,169958972.06,2698.01,766.79
2024-08-30,203917273.11,-0.19288655760719875,2,188761153.49,2674.31,767.66
2024-09-02,203750968.19,-0.19354479971891858,3,177404300.98,2681.0,769.21
2024-09-06,202303356.08,-0.19927451145707675,2,172223708.7,2544.28,706.59
2024-09-09,202303356.08,-0.19927451145707675,2,172223708.7,2535.93,714.46
2024-09-13,202892722.22,-0.196941774623015,2,172223708.7,2575.41,733.2
2024-09-16,202892722.22,-0.196941774623015,2,172223708.7,2575.41,733.2
2024-09-20,204542928.21,-0.1904101874899934,2,172223708.7,2593.37,748.33
2024-09-23,205179435.31,-0.1878908646844587,2,172223708.7,2602.01,755.12
2024-09-27,202798424.28,-0.19731500997381768,2,172223708.7,2649.78,774.49
2024-09-30,202586249.91,-0.19815480536508823,2,172223708.7,2593.27,763.88
2024-10-04,203104880.58,-0.1961020426000213,2,172223708.7,2569.71,768.98
2024-10-07,203152037.56,-0.1959153932206913,2,172223708.7,2610.38,781.01
2024-10-11,203694246.72,-0.1937693057659594,2,172223708.7,2596.91,770.98
2024-10-14,203977140.55,-0.19264959967397066,2,172223708.7,2623.29,770.26
2024-10-18,204542928.21,-0.1904101874899934,2,172223708.7,2593.82,753.22
2024-10-21,205273733.25,-0.187517629333656,2,172223708.7,2604.92,759.95
2024-10-25,204566490.68,-0.19031692620818563,2,172223708.7,2583.27,727.41
2024-10-28,204495771.22,-0.19059683690890383,2,172223708.7,2612.43,740.48
2024-11-01,203081302.09,-0.19619536728968623,2,172223708.7,2542.36,729.05
2024-11-04,203564406.37,-0.19428321952251226,9,80484441.17,2588.97,754.08
2024-11-08,204547703.67,-0.19039128601146327,10,72285449.55,2561.15,743.38
2024-11-11,202086291.28,-0.20013366338314154,7,103568668.33,2531.66,728.84
2024-11-15,199389479.0,-0.21080776376513233,10,67958266.23,2416.86,685.42
2024-11-18,197860052.19,-0.21686130164684503,10,67958266.23,2469.07,689.55
2024-11-22,194046572.2,-0.23195522142756242,4,142371254.47,2501.24,677.01
2024-11-25,193527313.4,-0.2340104703585083,4,142371254.47,2534.34,696.83
2024-11-29,190958069.56,-0.24417964930261027,2,171034578.35,2455.91,678.19
2024-12-02,191758788.83,-0.24101036758094208,2,171034578.35,2454.48,675.84
2024-12-06,193069056.72,-0.2358242702433998,2,171034578.35,2428.16,661.33
2024-12-09,192874942.96,-0.236592580954209,2,171034578.35,2360.58,627.01
2024-12-13,195034458.56,-0.22804512421729617,2,171034578.35,2494.46,693.73
2024-12-16,196053555.81,-0.22401149294596767,2,171034578.35,2488.97,698.53
2024-12-20,196514575.99,-0.22218675500779583,2,171034578.35,2404.15,668.31
2024-12-23,196781482.41,-0.2211303277804333,2,171034578.35,2442.01,679.24
2024-12-27,196781482.41,-0.2211303277804333,2,171034578.35,2404.77,665.97
2024-12-30,196927067.73,-0.22055409474732646,2,171034578.35,2399.49,678.19
2025-01-03,196337528.07,-0.22288751838110077,4,153373829.96,2441.92,705.76
2025-01-06,197009888.81,-0.22022628530792976,4,153373829.96,2488.64,717.96
2025-01-10,195527274.27,-0.2260945381874958,4,145567558.22,2515.78,717.89
2025-01-13,195579089.59,-0.22588945089569323,3,155047243.38,2489.56,708.21
2025-01-17,196568978.06,-0.22197142924690605,5,129966922.85,2523.55,724.69
2025-01-20,194904678.56,-0.22855879910592236,5,129966922.85,2520.05,727.66
2025-01-24,195120280.11,-0.22770543878704508,4,147558482.51,2536.8,728.74
2025-01-27,195120280.11,-0.22770543878704508,4,147558482.51,2536.8,728.74
2025-01-31,195195006.54,-0.22740966832466514,3,160670645.37,2517.37,728.29
2025-02-03,195674646.73,-0.22551123157648434,3,160670645.37,2453.95,703.8
2025-02-07,199378964.72,-0.21084937974300244,3,160670645.37,2521.92,742.9
2025-02-10,197470964.29,-0.21840132848995109,3,160670645.37,2521.27,749.67
2025-02-14,200498023.62,-0.2064200959101803,5,134778559.56,2591.05,756.32
2025-02-17,200444891.67,-0.20663039448082865,6,120688713.14,2610.42,768.48
2025-02-21,199365278.08,-0.21090355205982825,3,158146005.57,2654.58,774.65
2025-02-24,198079418.9,-0.21599303866081054,3,158146005.57,2645.27,773.33
2025-02-28,194493850.84,-0.230184873102806,3,158146005.57,2532.78,743.96
2025-03-03,194493850.84,-0.230184873102806,3,158146005.57,2532.78,743.96
2025-03-07,196256996.31,-0.2232062665922956,3,158146005.57,2563.48,727.7
2025-03-10,195740128.01,-0.22525205382019609,3,158146005.57,2570.39,725.82
2025-03-14,193757783.35,-0.23309826026528957,3,158146005.57,2566.36,734.26
2025-03-17,194723296.08,-0.22927671885636725,3,158146005.57,2610.69,743.51
2025-03-21,192377978.93,-0.2385595862151234,4,143883051.96,2643.13,719.41
2025-03-24,192283730.24,-0.23893262663228254,4,143883051.96,2632.07,720.22
2025-03-28,190643414.0,-0.2454250697043565,3,157371784.33,2557.98,693.76
2025-03-31,190737603.95,-0.24505226178267403,3,157371784.33,2481.12,672.85
2025-04-04,191711894.08,-0.24119597904251855,3,157371784.33,2465.42,687.39
2025-04-07,189864524.98,-0.2485079463463712,2,166668601.09,2328.2,651.3
2025-04-11,190748674.0,-0.24500844604295413,2,166668601.09,2432.72,695.59
2025-04-14,191018830.64,-0.243939154303367,2,166668601.09,2455.89,708.98
2025-04-18,190699554.61,-0.2452028627264773,2,166668601.09,2483.42,717.77
2025-04-21,191460905.15,-0.24218940415165835,2,166668601.09,2488.42,715.45
2025-04-25,191681942.41,-0.24131452905601392,2,166668601.09,2546.3,729.69
2025-04-28,191436345.46,-0.2422866124736297,2,166668601.09,2548.86,719.41
2025-05-02,192271375.09,-0.23898152885373591,2,166668601.09,2559.79,721.86
2025-05-05,192271375.09,-0.23898152885373591,2,166668601.09,2559.79,721.86
2025-05-09,191559143.93,-0.24180057078461203,2,166668601.09,2577.27,722.52
2025-05-12,190846912.78,-0.24461961267590782,2,166668601.09,2607.33,725.4
2025-05-16,191018830.64,-0.243939154303367,2,166668601.09,2626.87,725.07
2025-05-19,190724114.3,-0.24510565440450593,2,166668601.09,2603.42,713.75
2025-05-23,191657382.71,-0.24141173741756572,2,166668601.09,2592.09,715.98
2025-05-26,191657382.71,-0.24141173741756572,2,166668601.09,2644.4,725.27
2025-05-30,190025678.25,-0.2478700946895751,10,61951794.43,2697.67,734.35
2025-06-02,192705499.16,-0.23726324688958733,10,61951794.43,2698.97,740.29
2025-06-06,196804604.27,-0.22103881045218288,10,64878269.96,2812.05,756.23
2025-06-09,196595469.08,-0.22186657663673415,10,64487068.17,2855.77,764.21
2025-06-13,203051091.1,-0.19631494370302838,9,75211405.22,2894.62,768.86
2025-06-16,209071722.24,-0.1724850236051787,13,15523582.75,2946.66,777.26
2025-06-20,213695590.94,-0.15418355003841433,12,24435953.55,3021.84,791.53
2025-06-23,216479638.43,-0.14316416889836348,12,24435953.55,3014.47,784.79
2025-06-27,214160936.08,-0.15234169372032025,11,43907290.81,3055.94,781.56
2025-06-30,215133152.33,-0.14849361948746986,11,43907290.81,3071.7,781.5
2025-07-04,200054041.45,-0.208177396663199,6,111980553.54,3054.28,775.8
2025-07-07,201308021.25,-0.20321409003579494,6,111980553.54,3059.47,778.46
2025-07-11,209674910.52,-0.1700975781393932,9,74664348.6,3175.77,800.47
2025-07-14,210752588.76,-0.16583208075992906,9,74664348.6,3202.03,799.37
2025-07-18,212100834.3,-0.16049566623072353,10,62913512.19,3188.07,820.67
2025-07-21,213726553.62,-0.1540609984033352,10,62913512.19,3210.81,821.69
2025-07-25,221682672.03,-0.12257033544946239,10,62913512.19,3196.05,806.95
2025-07-28,221683833.03,-0.12256574016093036,9,84260352.29,3209.52,804.4
2025-08-01,218739478.39,-0.13421962397799037,11,43297601.24,3119.41,772.79
2025-08-04,219182145.58,-0.1324675279730455,11,43297601.24,3147.75,784.06
2025-08-08,222366880.1,-0.11986221012850085,11,47977442.24,3210.01,809.27
2025-08-11,219497985.57,-0.13121741954580757,10,63237020.52,3206.77,811.85
2025-08-15,219485387.94,-0.13126728151365474,11,43436111.85,3225.66,815.26
2025-08-18,217019122.11,-0.141028869012097,12,28201243.75,3177.28,798.05
2025-08-22,216437833.12,-0.14332963613490401,8,80659975.43,3168.73,782.51
2025-08-25,217158368.44,-0.14047772597731245,8,80659975.43,3209.86,798.02
2025-08-29,220755417.97,-0.1262404473773303,8,80659975.43,3186.01,796.91
2025-09-01,219548136.32,-0.13101892069451482,7,98241384.9,3142.93,785.0
2025-09-05,216443668.29,-0.14330654027807044,6,112082607.93,3205.12,811.4
2025-09-08,217126653.68,-0.14060325437776555,6,112082607.93,3219.59,818.6
2025-09-12,217114909.57,-0.14064973807630354,6,112082607.93,3395.54,847.08
2025-09-15,216722418.66,-0.14220323418110437,6,112082607.93,3407.31,852.69
2025-09-19,215065412.38,-0.14876173715792596,6,112082607.93,3445.24,863.11
2025-09-22,214672876.18,-0.150315412522518,6,112082607.93,3468.65,874.36
2025-09-26,210740405.48,-0.1658803027124417,6,112082607.93,3386.05,835.19
2025-09-29,211024112.61,-0.16475737754365438,6,112082607.93,3431.21,846.71
2025-10-03,215397581.92,-0.14744699566105046,6,112082607.93,3549.21,854.25
2025-10-06,215397581.92,-0.14744699566105046,6,112082607.93,3549.21,854.25
2025-10-10,217099919.61,-0.1407090689904159,12,21403189.93,3610.6,859.49
2025-10-13,222821419.66,-0.11806312276635567,13,12605013.17,3584.55,860.49
2025-10-17,216763366.12,-0.14204116235220132,11,42554586.34,3748.89,859.54
2025-10-20,217399421.99,-0.13952362553464626,10,58087092.23,3814.69,875.77
2025-10-24,231022014.48,-0.08560481154095811,9,71619522.65,3941.59,883.08
2025-10-27,231739074.71,-0.08276665594083843,9,71619522.65,4042.83,902.7
2025-10-31,233913455.78,-0.07416036102665158,11,41133582.91,4107.5,900.42
2025-11-03,239208812.44,-0.053201108887943716,11,41133582.91,4221.87,914.55
2025-11-07,226446727.96,-0.10371399472476106,6,121273807.86,3953.76,876.81
2025-11-10,228154514.9,-0.09695449968545011,5,134609993.06,4073.24,888.35
2025-11-14,222249785.05,-0.12032567743291922,7,110798575.14,4011.57,897.9
2025-11-17,223627558.6,-0.1148723897549383,6,123826640.77,4089.25,902.67
2025-11-21,216174809.96,-0.14437069325016916,5,150243101.97,3853.26,863.95
2025-11-24,215166507.27,-0.14836159918318848,5,150243101.97,3846.06,856.44
2025-11-28,217285950.15,-0.13997275201618598,5,150243101.97,3926.59,912.67
2025-12-01,214924075.58,-0.14932115436395754,4,173717724.65,3920.37,922.38
2025-12-05,215338234.14,-0.14768189675738053,5,151037614.47,4100.05,924.74
2025-12-08,214228189.15,-0.1520755031420955,4,164696217.74,4154.85,927.79
2025-12-12,215469365.43,-0.14716287340411982,5,150690731.5,4167.16,937.34
2025-12-15,213943951.89,-0.15320052658849648,5,150690731.5,4090.59,938.83
2025-12-19,211010559.18,-0.16481102260950242,4,159643487.9,4020.55,915.27
2025-12-22,211372275.59,-0.1633793333151503,4,159643487.9,4105.93,929.14
2025-12-26,211028721.39,-0.1647391357918191,4,159643487.9,4129.68,919.67
2025-12-29,210833594.2,-0.1655114577026774,4,159643487.9,4220.56,932.59
2026-01-02,210332905.55,-0.16749320517166444,6,129440594.94,4309.63,945.57
2026-01-05,211062931.29,-0.16460373151864593,5,146652171.29,4457.52,957.5
2026-01-09,210989330.38,-0.16489504712387804,5,145292352.76,4586.32,947.92
2026-01-12,214463648.41,-0.15114354514273887,5,145292352.76,4624.79,949.81
2026-01-16,218134754.75,-0.13661314646548162,5,138283216.63,4840.74,954.59
2026-01-19,222334226.31,-0.11999145525056487,5,138283216.63,4904.66,968.36
2026-01-23,223990733.44,-0.1134349279311686,5,138283216.63,4990.07,993.93
2026-01-26,222611250.32,-0.11889498216161798,5,138283216.63,4949.59,1064.41
2026-01-30,224124621.02,-0.11290499506212137,8,100664978.98,5224.36,1149.44
2026-02-02,218002776.79,-0.13713552097545323,8,100664978.98,4949.67,1098.36
2026-02-06,218819243.64,-0.13390390964673748,5,134819810.97,5089.14,1080.77
2026-02-09,222585601.58,-0.11899650099088976,6,124166665.09,5298.04,1127.55
2026-02-13,221686950.57,-0.12255340080192056,7,109260082.12,5507.01,1106.08
2026-02-16,221686950.57,-0.12255340080192056,7,109260082.12,5507.01,1106.08
2026-02-20,233798904.61,-0.07461375954330862,7,109260082.12,5808.53,1154.0
2026-02-23,238476246.79,-0.056100635615290995,7,109260082.12,5846.09,1151.99
2026-02-27,250156630.23,-0.009869169575428827,4,146984915.62,6244.13,1192.78
2026-03-02,250156630.23,-0.009869169575428827,4,146984915.62,6244.13,1192.78
2026-03-06,239248300.46,-0.05304481358608226,6,125017394.18,5584.87,1154.67
2026-03-09,232481924.93,-0.07982642243779903,6,125017394.18,5251.87,1102.28
2026-03-13,241397557.95,-0.04453795889502998,8,106112555.5,5487.24,1152.96
2026-03-16,238972698.87,-0.05413565667475895,8,106112555.5,5549.85,1138.29
2026-03-20,247158245.37,-0.021736907354893864,11,70579598.5,5781.2,1161.52
2026-03-23,235590599.16,-0.06752215453157018,8,100838072.79,5405.75,1096.89
2026-03-27,232996804.2,-0.07778850787721048,7,114245586.32,5438.87,1141.51
2026-03-30,231184894.23,-0.08496012640117767,4,155952928.2,5277.3,1107.05
2026-04-03,237919905.43,-0.058302658932721574,5,143963936.8,5377.3,1063.75
2026-04-06,236744851.83,-0.06295357222529219,5,143963936.8,5450.33,1047.37
2026-04-10,251309235.45,-0.005307107947955636,7,119995057.19,5858.87,1093.63
2026-04-13,251222410.54,-0.0056507647207574285,7,119995057.19,5808.62,1099.84
2026-04-17,262639208.34,0.0,9,95979644.85,6191.92,1170.04
2026-04-20,262690576.19,0.0,9,95979644.85,6219.09,1174.85
2026-04-24,273947467.35,0.0,13,33800561.43,6475.63,1203.84
2026-04-27,275090146.14,0.0,13,33800561.43,6615.03,1226.18
2026-05-01,272847873.47,-0.008151046853051569,13,14832844.88,6598.87,1192.35
2026-05-04,290952212.67,0.0,13,14832844.88,6936.99,1213.74
2026-05-08,306076631.69,0.0,13,11223656.22,7498.0,1207.72
2026-05-11,307783238.82,0.0,15,-18224725.03,7822.24,1207.34
2026-05-15,301020925.38,-0.021971025667043453,8,106487152.3,7493.18,1129.82
2026-05-18,310674595.83,0.0,14,25888897.94,7516.04,1111.09
2026-05-22,344033972.33,0.0,10,75757397.38,7847.71,1161.13
2026-05-29,376682170.05,0.0,13,15484220.53,8476.15,1074.8
2026-06-05,353090124.18,-0.0626311722343228,10,54950564.62,8160.59,1002.44
2026-06-12,350884413.49,-0.06848680030853505,10,63148321.2,8123.62,1029.05
2026-06-19,389196619.34,0.0,8,89050366.07,9052.42,966.59
2026-06-26,362344536.31,-0.06899361838120732,5,123003293.52,8411.21,851.37
2026-07-03,352823716.67,-0.09345636848460082,4,149537427.4,8088.34,868.41
2026-07-10,312428050.28,-0.1972488075312273,0,312428050.28,7475.94,837.43
