month,ticker,name,entry,entryPx,meClose,evalPct,evalPnl,mEvalPct,mEvalPnl,rs
2017-05,011070.KS,LG이노텍,2017-05-15,133000.0,134000.0,0.75,73684,0.75,73684,97
2017-05,066570.KS,LG전자,2017-05-15,81800.0,82500.0,0.86,128362,0.86,128362,97
2017-05,095610.KQ,테스,2017-05-22,27750.0,28400.0,2.34,205580,2.34,205580,96
2017-05,020150.KS,롯데에너지머티리얼즈,2017-05-29,22025.0,21881.0,-0.65,-59068,-0.65,-59068,97
2017-06,011070.KS,LG이노텍,2017-05-15,133000.0,165000.0,24.06,2357894,23.13,2284210,97
2017-06,066570.KS,LG전자,2017-05-15,81800.0,80200.0,-1.96,-293399,-2.79,-421760,97
2017-06,095610.KQ,테스,2017-05-22,27750.0,28250.0,1.8,158139,-0.53,-47442,96
2017-06,020150.KS,롯데에너지머티리얼즈,2017-05-29,22025.0,30933.0,40.44,3654039,41.37,3713108,97
2017-06,000660.KS,SK하이닉스,2017-06-26,65000.0,67400.0,3.69,512693,3.69,512693,97
2017-07,095610.KQ,테스,2017-05-22,27750.0,29900.0,7.75,679996,5.84,521858,96
2017-07,020150.KS,롯데에너지머티리얼즈,2017-05-29,22025.0,37450.0,70.03,6327296,21.07,2673257,97
2017-07,000660.KS,SK하이닉스,2017-06-26,65000.0,66000.0,1.54,213622,-2.08,-299071,97
2017-08,020150.KS,롯데에너지머티리얼즈,2017-05-29,22025.0,40850.0,85.47,7721968,9.08,1394672,97
2017-08,103140.KS,풍산,2017-08-08,53300.0,57000.0,6.94,695776,6.94,695776,96
2017-08,000660.KS,SK하이닉스,2017-06-26,65000.0,68600.0,5.54,769039,3.94,555417,97
2017-09,000660.KS,SK하이닉스,2017-06-26,65000.0,82900.0,27.54,3823832,20.85,3054793,97
2017-11,069620.KS,대웅제약,2017-11-06,126000.0,136000.0,7.94,547687,7.94,547687,96
2017-12,003230.KS,삼양식품,2017-12-18,90400.0,96800.0,7.08,522713,7.08,522713,98
2017-12,042520.KQ,한스바이오메드,2017-12-11,26800.0,30550.0,13.99,707972,13.99,707972,97
2017-12,069620.KS,대웅제약,2017-11-06,126000.0,164500.0,30.56,2108595,20.96,1560908,96
2018-01,069620.KS,대웅제약,2017-11-06,126000.0,180500.0,43.25,2984894,9.73,876299,96
2020-03,068760.KQ,셀트리온제약,2020-03-30,50408.0,64648.0,28.25,1231427,28.25,1231427,99
2020-03,207940.KS,삼성바이오로직스,2020-03-31,661805.0,701077.0,5.93,300623,5.93,300623,97
2020-04,028300.KQ,HLB,2020-04-13,38964.0,39211.0,0.63,34180,0.63,34180,97
2020-04,068760.KQ,셀트리온제약,2020-03-30,50408.0,57124.0,13.32,580777,-11.64,-650650,99
2020-04,207940.KS,삼성바이오로직스,2020-03-31,661805.0,845075.0,27.69,1402914,20.54,1102290,97
2020-05,000990.KS,DB하이텍,2020-05-04,26050.0,28600.0,9.79,713605,9.79,713605,96
2020-05,268600.KS,셀리버리,2020-05-26,21907.0,21883.0,-0.11,-8557,-0.11,-8557,96
2020-05,068760.KQ,셀트리온제약,2020-03-30,50408.0,74197.0,47.19,2057192,29.89,1476415,99
2020-05,207940.KS,삼성바이오로직스,2020-03-31,661805.0,904710.0,36.7,1859413,7.06,456500,97
2020-05,285130.KS,SK케미칼,2020-05-18,63650.0,61316.0,-3.67,-296005,-3.67,-296005,97
2020-05,035720.KS,카카오,2020-05-25,50379.0,52888.0,4.98,540926,4.98,540926,97
2020-06,068760.KQ,셀트리온제약,2020-03-30,50408.0,102680.0,103.7,4520305,38.39,2463113,99
2020-06,091990.KS,셀트리온헬스케어,2020-06-22,99157.0,100362.0,1.22,93733,1.22,93733,96
2020-06,207940.KS,삼성바이오로직스,2020-03-31,661805.0,1127251.0,70.33,3562943,24.6,1703529,97
2020-06,285130.KS,SK케미칼,2020-05-18,63650.0,85735.0,34.7,2800886,39.82,3096891,97
2020-06,035720.KS,카카오,2020-05-25,50379.0,53691.0,6.57,714048,1.52,173122,97
2020-07,207940.KS,삼성바이오로직스,2020-03-31,661805.0,1066162.0,61.1,3095312,-5.42,-467630,97
2020-07,285130.KS,SK케미칼,2020-05-18,63650.0,179477.0,181.97,14689528,109.34,11888642,97
2020-07,035720.KS,카카오,2020-05-25,50379.0,68946.0,36.85,4002938,28.41,3288890,97
2020-08,006280.KS,녹십자,2020-08-10,279500.0,265500.0,-5.01,-310493,-5.01,-310493,96
2020-08,278280.KQ,천보,2020-08-31,167500.0,164400.0,-1.85,-145717,-1.85,-145717,96
2020-08,207940.KS,삼성바이오로직스,2020-03-31,661805.0,1131615.0,70.99,3596349,6.14,501036,97
2020-08,285130.KS,SK케미칼,2020-05-18,63650.0,262543.0,312.48,25224207,46.28,10534679,97
2020-08,095700.KQ,제넥신,2020-08-24,97544.0,130593.0,33.88,2221329,33.88,2221329,96
2020-08,009830.KS,한화솔루션,2020-08-31,43743.0,45569.0,4.17,357254,4.17,357254,96
2020-08,035720.KS,카카오,2020-05-25,50379.0,81691.0,62.15,6750686,18.49,2747748,97
2020-09,009830.KS,한화솔루션,2020-09-29,45112.0,43857.0,-2.78,-136450,-2.78,-136450,96
2020-11,009830.KS,한화솔루션,2020-11-17,55207.0,54465.0,-1.34,-93801,-1.34,-93801,98
2020-11,112610.KS,씨에스윈드,2020-11-17,55752.0,60735.0,8.94,545900,8.94,545900,98
2020-12,091990.KS,셀트리온헬스케어,2020-12-28,157207.0,153886.0,-2.11,-149489,-2.11,-149489,97
2020-12,112610.KS,씨에스윈드,2020-11-17,55752.0,88552.0,58.83,3593322,45.8,3047422,98
2020-12,307950.KS,현대오토에버,2020-12-07,92200.0,123500.0,33.95,2807619,33.95,2807619,96
2021-01,112610.KS,씨에스윈드,2020-11-17,55752.0,80047.0,43.58,2661578,-9.6,-931744,98
2021-01,268600.KS,셀리버리,2021-01-25,72525.0,72050.0,-0.65,-55299,-0.65,-55299,97
2021-01,307950.KS,현대오토에버,2020-12-07,92200.0,122500.0,32.86,2717919,-0.81,-89700,96
2021-02,307950.KS,현대오토에버,2020-12-07,92200.0,130000.0,41.0,3390671,6.12,672752,96
2021-09,120110.KS,코오롱인더,2021-09-23,106500.0,99800.0,-6.29,-703095,-6.29,-703095,98
2021-09,247540.KQ,에코프로비엠,2021-09-13,99796.0,115388.0,15.62,1421635,15.62,1421635,99
2021-09,194480.KQ,데브시스터즈,2021-09-06,84500.0,156900.0,85.68,5809991,85.68,5809991,99
2021-09,066970.KS,엘앤에프,2021-09-23,147400.0,179000.0,21.44,1723429,21.44,1723429,98
2021-10,066970.KS,엘앤에프,2021-09-23,147400.0,184100.0,24.9,2001578,2.85,278148,98
2021-11,066970.KS,엘앤에프,2021-09-23,147400.0,224300.0,52.17,4194041,21.84,2192464,98
2022-03,249420.KS,일동제약,2022-03-14,42950.0,68200.0,58.79,1837604,58.79,1837604,99
2022-03,011070.KS,LG이노텍,2022-03-21,384500.0,387000.0,0.65,80263,0.65,80263,98
2022-03,222800.KQ,심텍,2022-03-21,53100.0,56000.0,5.46,553649,5.46,553649,99
2022-03,272290.KQ,이녹스첨단소재,2022-03-29,52200.0,53700.0,2.87,385067,2.87,385067,96
2022-03,041140.KS,넥슨지티,2022-03-21,22850.0,25400.0,11.16,735922,11.16,735922,98
2022-04,222800.KQ,심텍,2022-03-21,53100.0,49750.0,-6.31,-639560,-11.16,-1193209,99
2022-04,272290.KQ,이녹스첨단소재,2022-03-29,52200.0,49550.0,-5.08,-680285,-7.73,-1065352,96
2022-04,016380.KS,KG스틸,2022-04-25,23200.0,24650.0,6.25,398162,6.25,398162,99
2022-04,014830.KS,유니드,2022-04-25,153727.0,147370.0,-4.14,-441255,-4.14,-441255,96
2022-04,066970.KS,엘앤에프,2022-04-04,227200.0,219300.0,-3.48,-398372,-3.48,-398372,99
2022-04,195870.KS,해성디에스,2022-04-18,66200.0,71000.0,7.25,930258,7.25,930258,96
2022-04,090460.KS,비에이치,2022-04-18,27600.0,27200.0,-1.45,-168372,-1.45,-168372,96
2022-05,353200.KS,대덕전자,2022-05-23,33450.0,33450.0,0.0,0,0.0,0,99
2022-05,090460.KS,비에이치,2022-04-18,27600.0,28150.0,1.99,231512,3.49,399885,96
2022-05,137400.KQ,피엔티,2022-05-30,59800.0,61700.0,3.18,354197,3.18,354197,99
2022-05,047810.KS,한국항공우주,2022-05-23,48250.0,52500.0,8.81,1085662,8.81,1085662,97
2022-07,121600.KQ,나노신소재,2022-07-19,72300.0,83300.0,15.21,1114278,15.21,1114278,98
2022-07,047810.KS,한국항공우주,2022-07-19,52000.0,57000.0,9.62,774798,9.62,774798,98
2022-07,353200.KS,대덕전자,2022-07-19,28700.0,28450.0,-0.87,-79398,-0.87,-79398,97
2022-08,100090.KS,SK오션플랜트,2022-08-08,25750.0,27050.0,5.05,611822,5.05,611822,97
2022-08,137400.KQ,피엔티,2022-08-08,49800.0,50400.0,1.2,139449,1.2,139449,96
2022-08,047810.KS,한국항공우주,2022-07-19,52000.0,61000.0,17.31,1394636,7.02,619838,98
2022-08,005070.KS,코스모신소재,2022-08-08,55120.0,63912.0,15.95,1670447,15.95,1670447,96
2022-08,353200.KS,대덕전자,2022-07-19,28700.0,29650.0,3.31,301714,4.22,381112,97
2022-10,003670.KS,포스코퓨처엠,2022-10-31,196285.0,193378.0,-1.48,-142024,-1.48,-142024,99
2022-10,001120.KS,LX인터내셔널,2022-10-31,41900.0,40650.0,-2.98,-301569,-2.98,-301569,98
2022-11,012450.KS,한화에어로스페이스,2022-11-15,72730.0,73954.0,1.68,152520,1.68,152520,97
2022-11,003670.KS,포스코퓨처엠,2022-10-31,196285.0,211795.0,7.9,757757,9.52,899781,99
2022-11,001120.KS,LX인터내셔널,2022-10-31,41900.0,41200.0,-1.67,-168878,1.35,132690,98
2022-12,282330.KS,BGF리테일,2022-12-12,207000.0,210500.0,1.69,174015,1.69,174015,97
2023-01,048260.KS,오스템임플란트,2023-01-25,1878000.0,1862000.0,-0.85,-79989,-0.85,-79989,98
2023-02,086520.KQ,에코프로,2023-02-06,27174.0,56016.0,106.14,11528254,106.14,11528254,96
2023-03,086520.KQ,에코프로,2023-02-06,27174.0,97807.0,259.93,28232271,74.61,16704017,96
2023-04,086520.KQ,에코프로,2023-02-06,27174.0,143229.0,427.08,46387613,46.44,18155341,96
2023-05,086520.KQ,에코프로,2023-02-06,27174.0,110463.0,306.5,33290921,-22.88,-13096691,96
2023-06,086520.KQ,에코프로,2023-02-06,27174.0,147938.0,444.41,48269818,33.93,14978896,96
2023-07,086520.KQ,에코프로,2023-02-06,27174.0,236818.0,771.49,83795482,60.08,35525665,96
2023-08,086520.KQ,에코프로,2023-02-06,27174.0,246628.0,807.59,87716576,4.14,3921093,96
2023-10,192820.KS,코스맥스,2023-10-23,127600.0,135600.0,6.27,827096,6.27,827096,98
2023-10,003230.KS,삼양식품,2023-10-23,187400.0,183400.0,-2.13,-302655,-2.13,-302655,98
2023-11,003230.KS,삼양식품,2023-10-23,187400.0,211500.0,12.86,1823498,15.32,2126153,98
2023-11,185750.KS,종근당,2023-11-13,108941.0,112862.0,3.6,446787,3.6,446787,97
2023-12,185750.KS,종근당,2023-11-13,108941.0,125045.0,14.78,1835004,10.79,1388218,97
2024-01,185750.KS,종근당,2023-11-13,108941.0,105079.0,-3.55,-440064,-15.97,-2275068,97
2024-02,002710.KS,TCC스틸,2024-02-19,66500.0,67700.0,1.8,222335,1.8,222335,99
2024-02,009420.KS,한올바이오파마,2024-02-26,36800.0,34800.0,-5.43,-671863,-5.43,-671863,96
2024-02,012510.KS,더존비즈온,2024-02-05,47900.0,45550.0,-4.91,-407320,-4.91,-407320,98
2024-02,031980.KS,피에스케이홀딩스,2024-02-13,34400.0,40750.0,18.46,2075435,18.46,2075435,99
2024-02,065350.KQ,신성델타테크,2024-02-05,87000.0,123000.0,41.38,2295594,41.38,2295594,99
2024-02,196170.KQ,알테오젠,2024-02-05,79000.0,160600.0,103.29,8162358,103.29,8162358,98
2024-02,267260.KS,HD현대일렉트릭,2024-02-13,106600.0,124400.0,16.7,2387979,16.7,2387979,99
2024-03,031980.KS,피에스케이홀딩스,2024-02-13,34400.0,46000.0,33.72,3791346,12.88,1715911,99
2024-03,065350.KQ,신성델타테크,2024-02-05,87000.0,108500.0,24.71,1370980,-11.79,-924614,99
2024-03,095340.KQ,ISC,2024-03-11,91500.0,98000.0,7.1,956118,7.1,956118,97
2024-03,000150.KS,두산,2024-03-18,144300.0,155500.0,7.76,1049004,7.76,1049004,97
2024-03,196170.KQ,알테오젠,2024-02-05,79000.0,197400.0,149.87,11843422,22.91,3681064,98
2024-03,267260.KS,HD현대일렉트릭,2024-02-13,106600.0,179400.0,68.29,9766564,44.21,7378586,99
2024-04,196170.KQ,알테오젠,2024-02-05,79000.0,176900.0,123.92,9792829,-10.39,-2050592,98
2024-04,267260.KS,HD현대일렉트릭,2024-02-13,106600.0,247000.0,131.71,18835516,37.68,9068952,99
2024-05,042700.KS,한미반도체,2024-05-14,140100.0,161700.0,15.42,2021810,15.42,2021810,99
2024-05,010120.KS,엘에스일렉트릭,2024-05-13,35920.0,42700.0,18.88,1628487,18.88,1628487,99
2024-05,000150.KS,두산,2024-05-13,162900.0,206000.0,26.46,2801121,26.46,2801121,98
2024-05,005180.KS,빙그레,2024-05-28,89800.0,85200.0,-5.12,-773402,-5.12,-773402,98
2024-05,003230.KS,삼양식품,2024-05-20,487500.0,529000.0,8.51,1379829,8.51,1379829,99
2024-05,018290.KQ,브이티,2024-05-13,25100.0,31900.0,27.09,3162777,27.09,3162777,99
2024-05,192820.KS,코스맥스,2024-05-28,165500.0,170000.0,2.72,434273,2.72,434273,96
2024-05,031980.KS,피에스케이홀딩스,2024-05-13,48400.0,54900.0,13.43,1059538,13.43,1059538,99
2024-05,012510.KS,더존비즈온,2024-05-27,60700.0,61500.0,1.32,165613,1.32,165613,98
2024-05,089030.KQ,테크윙,2024-05-20,37250.0,43300.0,16.24,1428426,16.24,1428426,99
2024-05,267260.KS,HD현대일렉트릭,2024-02-13,106600.0,301000.0,182.36,26079946,21.86,7244429,99
2024-05,257720.KQ,실리콘투,2024-05-13,26000.0,37750.0,45.19,6076571,45.19,6076571,99
2024-06,003230.KS,삼양식품,2024-05-20,487500.0,669000.0,37.23,6034675,26.47,4654846,99
2024-06,280360.KS,롯데웰푸드,2024-06-25,183000.0,183400.0,0.22,34559,0.22,34559,98
2024-06,018290.KQ,브이티,2024-05-13,25100.0,31900.0,27.09,3162777,0.0,0,99
2024-06,192820.KS,코스맥스,2024-05-28,165500.0,194600.0,17.58,2808298,14.47,2374025,96
2024-06,145020.KQ,휴젤,2024-06-10,213000.0,231000.0,8.45,1319513,8.45,1319513,96
2024-06,031980.KS,피에스케이홀딩스,2024-05-13,48400.0,70000.0,44.63,3520925,27.5,2461388,99
2024-06,078600.KQ,대주전자재료,2024-06-17,144000.0,143000.0,-0.69,-93346,-0.69,-93346,97
2024-06,036460.KS,한국가스공사,2024-06-10,37500.0,52200.0,39.2,4743262,39.2,4743262,96
2024-06,012510.KS,더존비즈온,2024-05-27,60700.0,72800.0,19.93,2504901,18.37,2339288,98
2024-06,214150.KQ,클래시스,2024-06-17,52900.0,50800.0,-3.97,-619405,-3.97,-619405,96
2024-06,281820.KS,케이씨텍,2024-06-24,44200.0,45350.0,2.6,399217,2.6,399217,96
2024-06,089030.KQ,테크윙,2024-05-20,37250.0,63800.0,71.28,6268545,47.34,4840120,99
2024-06,267260.KS,HD현대일렉트릭,2024-02-13,106600.0,310000.0,190.81,27287351,2.99,1207405,99
2024-06,257720.KQ,실리콘투,2024-05-13,26000.0,47000.0,80.77,10860255,24.5,4783684,99
2024-07,267260.KS,HD현대일렉트릭,2024-02-13,106600.0,310000.0,190.81,27287351,0.0,0,99
2024-07,257720.KQ,실리콘투,2024-05-13,26000.0,44300.0,70.38,9463936,-5.74,-1396318,99
2024-07,145020.KQ,휴젤,2024-07-29,240000.0,245500.0,2.29,412481,2.29,412481,97
2024-07,064350.KS,현대로템,2024-07-29,49500.0,48900.0,-1.21,-204031,-1.21,-204031,97
2024-08,267260.KS,HD현대일렉트릭,2024-08-19,300000.0,305500.0,1.83,140889,1.83,140889,99
2024-09,207940.KS,삼성바이오로직스,2024-09-09,1401100.0,1437894.0,2.63,589366,2.63,589366,96
2024-10,207940.KS,삼성바이오로직스,2024-09-09,1401100.0,1474687.0,5.25,1178717,2.56,589350,96
2024-11,003230.KS,삼양식품,2024-11-18,535000.0,519000.0,-2.99,-388227,-2.99,-388227,99
2024-12,003230.KS,삼양식품,2024-11-18,535000.0,765000.0,42.99,5580766,47.4,5968993,99
2025-01,082740.KS,한화엔진,2025-01-13,22500.0,22800.0,1.33,194326,1.33,194326,99
2025-01,277810.KQ,레인보우로보틱스,2025-01-20,261000.0,299500.0,14.75,1597230,14.75,1597230,99
2025-02,277810.KQ,레인보우로보틱스,2025-01-20,261000.0,342500.0,31.23,3381150,14.36,1783920,99
2025-02,079550.KS,LIG넥스원,2025-02-17,285000.0,270500.0,-5.09,-793794,-5.09,-793794,96
2025-03,196170.KQ,알테오젠,2025-03-24,375500.0,356000.0,-5.19,-524772,-5.19,-524772,96
2025-03,145020.KQ,휴젤,2025-03-24,331000.0,335000.0,1.21,196478,1.21,196478,96
2025-04,145020.KQ,휴젤,2025-03-24,331000.0,365500.0,10.42,1694619,9.1,1498142,96
2025-05,145020.KQ,휴젤,2025-03-24,331000.0,332000.0,0.3,49119,-9.17,-1645500,96
2025-06,278470.KS,에이피알,2025-06-02,118400.0,154200.0,30.24,3793787,30.24,3793787,99
2025-06,083650.KQ,비에이치아이,2025-06-02,33500.0,42450.0,26.72,2209261,26.72,2209261,99
2025-06,064350.KS,현대로템,2025-06-02,149600.0,196500.0,31.35,3788146,31.35,3788146,99
2025-06,079550.KS,LIG넥스원,2025-06-09,445500.0,540000.0,21.21,2786332,21.21,2786332,99
2025-06,257720.KQ,실리콘투,2025-06-17,54400.0,61700.0,13.42,1445616,13.42,1445616,96
2025-06,015760.KS,한국전력공사,2025-06-30,38750.0,39300.0,1.42,205282,1.42,205282,97
2025-06,402340.KS,SK스퀘어,2025-06-23,158200.0,183000.0,15.68,2523105,15.68,2523105,96
2025-06,071050.KS,한국금융지주,2025-06-17,126800.0,139600.0,10.09,1936495,10.09,1936495,96
2025-06,103140.KS,풍산,2025-06-17,102700.0,128700.0,25.32,4332390,25.32,4332390,97
2025-06,000880.KS,한화,2025-06-02,73500.0,94300.0,28.3,3796641,28.3,3796641,99
2025-07,103140.KS,풍산,2025-06-17,102700.0,160800.0,56.57,9681226,24.94,5348836,97
2025-07,000880.KS,한화,2025-06-02,73500.0,99800.0,35.78,4800560,5.83,1003919,99
2025-07,475150.KS,SK이터닉스,2025-07-07,23650.0,24200.0,2.33,217392,2.33,217392,97
2025-07,267250.KS,HD현대,2025-07-14,134700.0,142600.0,5.86,770937,5.86,770937,96
2025-07,017960.KS,한국카본,2025-07-21,26600.0,30000.0,12.78,1998371,12.78,1998371,97
2025-07,042660.KS,한화오션,2025-07-14,76800.0,112300.0,46.22,6160720,46.22,6160720,96
2025-07,071970.KS,HD현대마린엔진,2025-07-14,46400.0,65700.0,41.59,4510234,41.59,4510234,97
2025-08,035720.KS,카카오,2025-08-18,64800.0,62500.0,-3.55,-678295,-3.55,-678295,96
2025-08,240810.KQ,원익IPS,2025-08-18,41300.0,40650.0,-1.57,-238642,-1.57,-238642,98
2025-08,042660.KS,한화오션,2025-07-14,76800.0,112000.0,45.83,6108657,-0.27,-52062,96
2025-08,033500.KQ,동성화인텍,2025-08-19,29500.0,32150.0,8.98,1368556,8.98,1368556,96
2025-08,101490.KQ,에스앤에스텍,2025-08-04,48950.0,54300.0,10.93,2057512,10.93,2057512,97
2025-08,071970.KS,HD현대마린엔진,2025-07-14,46400.0,92000.0,98.28,10656305,40.03,6146071,97
2025-08,329180.KS,HD현대중공업,2025-08-04,466000.0,520000.0,11.59,2179364,11.59,2179364,96
2025-09,042660.KS,한화오션,2025-07-14,76800.0,110300.0,43.62,5813637,-1.52,-295020,96
2025-09,033500.KQ,동성화인텍,2025-08-19,29500.0,30350.0,2.88,438971,-5.6,-929585,96
2025-09,101490.KQ,에스앤에스텍,2025-08-04,48950.0,49450.0,1.02,192291,-8.93,-1865221,97
2025-09,071970.KS,HD현대마린엔진,2025-07-14,46400.0,82900.0,78.66,8529718,-9.89,-2126587,97
2025-09,329180.KS,HD현대중공업,2025-08-04,466000.0,515000.0,10.52,1977571,-0.96,-201793,96
2025-10,071970.KS,HD현대마린엔진,2025-07-14,46400.0,99300.0,114.01,12362249,19.78,3832531,97
2025-10,329180.KS,HD현대중공업,2025-08-04,466000.0,600000.0,28.76,5408052,16.5,3430481,96
2025-10,437730.KQ,삼현,2025-10-14,27850.0,31250.0,12.21,1074104,12.21,1074104,99
2025-10,067310.KQ,하나마이크론,2025-10-13,23400.0,29400.0,25.64,3286124,25.64,3286124,99
2025-10,084370.KQ,유진테크,2025-10-27,91100.0,94900.0,4.17,590687,4.17,590687,99
2025-10,240810.KQ,원익IPS,2025-10-13,54600.0,64200.0,17.58,2767632,17.58,2767632,99
2025-10,298040.KS,효성중공업,2025-10-13,1480000.0,2135000.0,44.26,8513756,44.26,8513756,99
2025-11,298040.KS,효성중공업,2025-10-13,1480000.0,1901000.0,28.45,5472200,-10.96,-3041555,99
2025-11,249420.KS,일동제약,2025-11-17,29450.0,29350.0,-0.34,-33836,-0.34,-33836,97
2025-11,066970.KS,엘앤에프,2025-11-24,120600.0,125200.0,3.81,371176,3.81,371176,97
2025-11,015760.KS,한국전력공사,2025-11-24,49100.0,52500.0,6.92,969460,6.92,969460,97
2025-12,015760.KS,한국전력공사,2025-11-24,49100.0,47200.0,-3.87,-541757,-10.1,-1511217,97
2025-12,000720.KS,현대건설,2025-12-15,70700.0,70100.0,-0.85,-118858,-0.85,-118858,96
2025-12,009150.KS,삼성전기,2025-12-08,265000.0,255000.0,-3.77,-641564,-3.77,-641564,96
2026-01,015760.KS,한국전력공사,2025-11-24,49100.0,58300.0,18.74,2623245,23.52,3165002,97
2026-01,005380.KS,현대자동차,2026-01-19,420000.0,500000.0,19.05,3426520,19.05,3426520,96
2026-01,000720.KS,현대건설,2025-12-15,70700.0,102600.0,45.12,6319307,46.36,6438166,96
2026-01,009150.KS,삼성전기,2025-12-08,265000.0,279000.0,5.28,898190,9.41,1539754,96
2026-02,083650.KQ,비에이치아이,2026-02-10,77200.0,93500.0,21.11,2249304,21.11,2249304,96
2026-02,005380.KS,현대자동차,2026-01-19,420000.0,674000.0,60.48,10879201,34.8,7452681,96
2026-02,000720.KS,현대건설,2025-12-15,70700.0,164700.0,132.96,18621156,60.53,12301849,96
2026-02,009150.KS,삼성전기,2025-12-08,265000.0,448500.0,69.25,11772699,60.75,10874510,96
2026-03,000720.KS,현대건설,2025-12-15,70700.0,142100.0,100.99,14144154,-13.72,-4477001,96
2026-03,322000.KS,HD현대에너지솔루션,2026-03-16,122800.0,139100.0,13.27,983544,13.27,983544,98
2026-03,082920.KQ,비츠로셀,2026-03-30,33150.0,35600.0,7.39,669991,7.39,669991,97
2026-03,009150.KS,삼성전기,2025-12-08,265000.0,407500.0,53.77,9142287,-9.14,-2630412,96
2026-04,058470.KQ,리노공업,2026-04-06,109200.0,119300.0,9.25,1108872,9.25,1108872,96
2026-04,000720.KS,현대건설,2025-12-15,70700.0,161800.0,128.85,18046673,13.86,3902519,96
2026-04,298040.KS,효성중공업,2026-04-27,3999000.0,3912000.0,-2.18,-463031,-2.18,-463031,98
2026-04,322000.KS,HD현대에너지솔루션,2026-03-16,122800.0,231000.0,88.11,6528799,66.07,5545255,98
2026-04,082920.KQ,비츠로셀,2026-03-30,33150.0,57000.0,71.95,6522155,60.11,5852164,97
2026-04,356860.KQ,티엘비,2026-04-20,38714.0,41718.0,7.76,793723,7.76,793723,96
2026-04,005930.KS,삼성전자,2026-04-27,220000.0,220500.0,0.23,46388,0.23,46388,97
2026-04,009150.KS,삼성전기,2025-12-08,265000.0,832000.0,213.96,36376679,104.17,27234392,96
2026-04,095610.KQ,테스,2026-04-13,79700.0,84000.0,5.4,677378,5.4,677378,97
2026-04,080220.KQ,제주반도체,2026-04-20,43000.0,52400.0,21.86,3013753,21.86,3013753,96
2026-05,322000.KS,HD현대에너지솔루션,2026-03-16,122800.0,174800.0,42.35,3137685,-24.33,-3391114,98
2026-05,089970.KQ,브이엠,2026-05-19,54000.0,58900.0,9.07,1160766,9.07,1160766,97
2026-05,082920.KQ,비츠로셀,2026-03-30,33150.0,52600.0,58.67,5318906,-7.72,-1203249,97
2026-05,000500.KS,가온전선,2026-05-04,134197.0,178930.0,33.33,4897727,33.33,4897727,97
2026-05,356860.KQ,티엘비,2026-04-20,38714.0,56722.0,46.52,4758112,35.97,3964388,96
2026-05,005930.KS,삼성전자,2026-04-27,220000.0,317000.0,44.09,8999340,43.76,8952952,97
2026-05,009150.KS,삼성전기,2025-12-08,265000.0,2127000.0,702.64,119459217,155.65,83082538,96
2026-05,095610.KQ,테스,2026-04-13,79700.0,119100.0,49.44,6206674,41.79,5529296,97
2026-05,080220.KQ,제주반도체,2026-04-20,43000.0,97800.0,127.44,17569538,86.64,14555785,96
2026-06,005930.KS,삼성전자,2026-04-27,220000.0,334000.0,51.82,10576544,5.36,1577204,97
2026-06,009150.KS,삼성전기,2025-12-08,265000.0,2184000.0,724.15,123116132,2.68,3656915,96
2026-06,095610.KQ,테스,2026-04-13,79700.0,208000.0,160.98,20211073,74.64,14004399,97
2026-06,080220.KQ,제주반도체,2026-04-20,43000.0,103900.0,141.63,19525271,6.24,1955733,96
2026-06,004170.KS,신세계,2026-06-08,600000.0,755000.0,25.83,4042540,25.83,4042540,98
