ticker,name,entry_date,entry_type,entry_price,shares,entry_rs,ca_pass,exit_date,exit_price,exit_reason,pnl_%,pnl_$,hold_days
031860.KQ,디에이치엑스컴퍼니,2017-06-12,regular,121537,36.6835,98,Y,2017-06-12,111814.04,손절(-8%),-8.0,-356672.38,0
011070.KS,LG이노텍,2017-05-15,regular,133000,73.6842,97,Y,2017-07-07,156000.0,21EMA이탈(+17%),17.29,1694736.84,53
066570.KS,LG전자,2017-05-15,regular,81800,183.3741,97,Y,2017-07-07,75256.0,손절(-8%),-8.0,-1200000.0,53
031860.KQ,디에이치엑스컴퍼니,2017-07-24,regular,101586,60.1933,97,Y,2017-07-24,93459.12,손절(-8%),-8.0,-489183.5,0
003670.KS,포스코퓨처엠,2017-08-07,regular,21197,295.267,99,Y,2017-08-10,19501.24,손절(-8%),-8.0,-500702.03,3
168330.KQ,내츄럴엔도텍,2017-08-07,regular,64000,101.093,99,Y,2017-08-08,58880.0,손절(-8%),-8.0,-517596.41,1
095610.KQ,테스,2017-05-22,regular,27750,316.2774,96,Y,2017-08-25,30250.0,RS하락(86),9.01,790693.56,95
020150.KS,롯데에너지머티리얼즈,2017-05-29,regular,22025,410.1975,97,Y,2017-09-21,37500.0,50EMA이탈(+70%),70.26,6347805.97,115
103140.KS,풍산,2017-08-08,regular,53300,188.0475,96,Y,2017-09-22,49036.0,손절(-8%),-8.0,-801834.75,45
000660.KS,SK하이닉스,2017-06-26,regular,65000,213.6219,97,Y,2017-10-18,80900.0,21EMA이탈(+24%),24.46,3396587.91,114
900100.KQ,애머릿지,2017-12-11,regular,227890,17.6049,99,Y,2017-12-11,209658.8,손절(-8%),-8.0,-320958.59,0
008770.KS,호텔신라,2017-12-04,regular,88300,123.3936,96,Y,2017-12-12,81236.0,손절(-8%),-8.0,-871652.28,8
003230.KS,삼양식품,2017-12-18,regular,90400,81.6739,98,Y,2018-01-11,83168.0,손절(-8%),-8.0,-590665.64,24
042520.KQ,한스바이오메드,2017-12-11,regular,26800,188.7925,97,Y,2018-01-18,30800.0,21EMA이탈(+15%),14.93,755170.01,38
069620.KS,대웅제약,2017-11-06,regular,126000,54.7687,96,Y,2018-02-07,160500.0,50EMA이탈(+27%),27.38,1889521.03,93
035900.KQ,JYP Ent.,2018-11-05,regular,31300,146.7518,99,Y,2018-11-07,28796.0,손절(-8%),-8.0,-367466.44,2
031430.KS,신세계인터내셔날,2018-11-05,regular,32800,171.815,99,N,2018-11-06,30176.0,손절(-8%),-8.0,-450842.56,1
039200.KQ,오스코텍,2018-11-12,regular,25680,165.4513,99,N,2018-11-29,23625.6,손절(-8%),-8.0,-339903.11,17
012450.KS,한화에어로스페이스,2019-10-07,regular,43902,246.1552,96,N,2019-10-08,40389.84,손절(-8%),-8.0,-864536.3,1
000990.KS,DB하이텍,2020-02-10,regular,28150,238.6065,99,N,2020-02-27,25898.0,손절(-8%),-8.0,-537341.89,17
096530.KQ,씨젠,2020-03-30,regular,63624,62.2172,99,N,2020-03-30,58534.08,손절(-8%),-8.0,-316680.55,0
005690.KS,파미셀,2020-03-31,regular,22300,239.4063,99,Y,2020-03-31,20516.0,손절(-8%),-8.0,-427100.92,0
285130.KS,SK케미칼,2020-03-31,regular,59380,71.0563,98,Y,2020-03-31,54629.6,손절(-8%),-8.0,-337545.66,0
003000.KS,부광약품,2020-04-06,regular,20337,151.9851,98,N,2020-04-13,18710.04,손절(-8%),-8.0,-247273.6,7
019170.KS,신풍제약,2020-04-13,regular,22500,83.7183,99,N,2020-04-13,20700.0,손절(-8%),-8.0,-150692.87,0
003090.KS,대웅,2020-04-28,regular,20000,222.8363,96,Y,2020-04-29,18400.0,손절(-8%),-8.0,-356538.02,1
028300.KQ,HLB,2020-04-13,regular,38964,138.3806,97,N,2020-05-15,40355.0,21EMA이탈(+4%),3.57,192487.46,32
000990.KS,DB하이텍,2020-05-04,regular,26050,279.8452,96,N,2020-06-12,28850.0,21EMA이탈(+11%),10.75,783566.67,39
200130.KQ,콜마비앤에이치,2020-06-08,regular,45750,158.7742,97,Y,2020-06-11,42090.0,손절(-8%),-8.0,-581113.71,3
007570.KS,일양약품,2020-06-09,regular,84243,78.3237,99,N,2020-06-12,77503.56,손절(-8%),-8.0,-527858.09,3
298380.KQ,에이비엘바이오,2020-06-22,regular,35150,138.3909,96,Y,2020-06-25,32338.0,손절(-8%),-8.0,-389155.13,3
268600.KS,셀리버리,2020-05-26,regular,21907,356.5252,96,Y,2020-06-29,23959.0,21EMA이탈(+9%),9.37,731589.65,34
005290.KQ,동진쎄미켐,2020-07-13,regular,30650,178.8152,96,N,2020-07-16,28198.0,손절(-8%),-8.0,-438454.75,3
068760.KQ,셀트리온제약,2020-03-30,regular,50408,86.4766,99,N,2020-07-29,95639.0,50EMA이탈(+90%),89.73,3911422.34,121
091990.KS,셀트리온헬스케어,2020-06-22,regular,99157,77.7864,96,N,2020-07-29,91224.44,손절(-8%),-8.0,-617045.6,37
006120.KS,SK디스커버리,2020-07-27,regular,52700,84.4962,96,N,2020-07-31,48484.0,손절(-8%),-8.0,-356235.98,4
141080.KQ,리가켐바이오,2020-08-11,regular,55200,102.7013,96,N,2020-08-18,50784.0,손절(-8%),-8.0,-453529.08,7
069080.KQ,웹젠,2020-08-18,regular,37900,242.3372,96,N,2020-08-20,34868.0,손절(-8%),-8.0,-734766.5,2
185750.KS,종근당,2020-08-24,regular,158118,39.3116,97,N,2020-08-25,145468.56,손절(-8%),-8.0,-497269.1,1
006280.KS,녹십자,2020-08-10,regular,279500,22.1781,96,N,2020-09-02,257140.0,손절(-8%),-8.0,-495902.34,23
278280.KQ,천보,2020-08-31,regular,167500,47.0056,96,Y,2020-09-04,152000.0,손절(갭-9%),-9.25,-728586.95,4
207940.KS,삼성바이오로직스,2020-03-31,regular,661805,7.6549,97,N,2020-09-04,1124343.0,RS하락(80),69.89,3540667.92,157
200130.KQ,콜마비앤에이치,2020-09-01,regular,67900,123.3867,96,Y,2020-09-07,62468.0,손절(-8%),-8.0,-670236.59,6
285130.KS,SK케미칼,2020-05-18,regular,63650,126.823,97,Y,2020-09-21,211169.0,50EMA이탈(+232%),231.77,18708795.72,126
095700.KQ,제넥신,2020-08-24,regular,97544,67.2132,96,N,2020-09-21,113670.0,21EMA이탈(+17%),16.53,1083879.49,28
009830.KS,한화솔루션,2020-08-31,regular,43743,195.6484,96,N,2020-09-21,44940.0,21EMA이탈(+3%),2.74,234191.1,21
035720.KS,카카오,2020-05-25,regular,50379,215.5942,97,N,2020-09-22,70853.0,50EMA이탈(+41%),40.64,4414075.36,120
237690.KQ,에스티팜,2020-09-21,regular,76700,106.5807,97,N,2020-09-22,70564.0,손절(-8%),-8.0,-653979.25,1
009830.KS,한화솔루션,2020-09-29,regular,45112,108.7254,96,N,2020-10-19,49275.0,21EMA이탈(+9%),9.23,452623.67,20
096530.KQ,씨젠,2020-11-17,regular,112172,60.4594,99,N,2020-11-18,103198.24,손절(-8%),-8.0,-542548.36,1
006280.KS,녹십자,2020-11-17,regular,378500,14.1763,97,N,2020-11-25,348220.0,손절(-8%),-8.0,-429258.9,8
271980.KS,제일약품,2020-12-07,regular,80800,45.4944,96,N,2020-12-10,70000.0,손절(갭-13%),-13.37,-491339.29,3
009830.KS,한화솔루션,2020-11-17,regular,55207,126.4164,98,N,2020-12-22,50188.0,손절(갭-9%),-9.09,-634483.74,35
217270.KQ,넵튠,2020-12-14,regular,22850,156.2576,99,N,2020-12-28,24500.0,21EMA이탈(+7%),7.22,257825.09,14
091990.KS,셀트리온헬스케어,2020-12-28,regular,157207,45.0131,97,N,2021-01-04,144630.44,손절(-8%),-8.0,-566110.14,7
048530.KQ,인트론바이오,2021-01-11,regular,31950,208.3304,96,N,2021-01-11,29394.0,손절(-8%),-8.0,-532492.49,0
204320.KS,HL만도,2021-01-11,regular,81000,118.2936,98,Y,2021-01-12,74520.0,손절(-8%),-8.0,-766542.83,1
011210.KS,현대위아,2021-01-11,regular,87700,124.8356,96,N,2021-01-12,80684.0,손절(-8%),-8.0,-875846.47,1
008930.KS,한미사이언스,2021-01-12,regular,77143,82.7984,96,N,2021-01-18,70971.56,손절(-8%),-8.0,-510985.11,6
066570.KS,LG전자,2021-01-25,regular,177500,33.0525,97,N,2021-01-28,163300.0,손절(-8%),-8.0,-469345.12,3
112610.KS,씨에스윈드,2020-11-17,regular,55752,109.5525,98,N,2021-02-22,77000.0,50EMA이탈(+38%),38.11,2327772.37,97
268600.KS,셀리버리,2021-01-25,regular,72525,116.4195,97,Y,2021-02-23,67950.0,21EMA이탈(-6%),-6.31,-532619.24,29
307950.KS,현대오토에버,2020-12-07,regular,92200,89.7003,96,Y,2021-03-05,122500.0,50EMA이탈(+33%),32.86,2717920.37,88
048260.KS,오스템임플란트,2021-09-06,regular,1366850,8.2046,99,Y,2021-09-16,1257502.0,손절(-8%),-8.0,-897160.3,10
007690.KS,국도화학,2021-09-23,regular,88700,104.4805,97,N,2021-09-27,81604.0,손절(-8%),-8.0,-741393.3,4
011200.KS,HMM,2021-09-06,regular,38900,242.0193,99,Y,2021-09-30,35788.0,손절(-8%),-8.0,-753164.17,24
002380.KS,케이씨씨,2021-09-13,regular,459500,21.9925,98,N,2021-09-29,422740.0,손절(-8%),-8.0,-808444.66,16
120110.KS,코오롱인더,2021-09-23,regular,106500,104.9396,98,N,2021-10-01,97980.0,손절(-8%),-8.0,-894085.32,8
247540.KQ,에코프로비엠,2021-09-13,regular,99796,91.1772,99,N,2021-10-06,101798.0,21EMA이탈(+2%),2.01,182536.76,23
194480.KQ,데브시스터즈,2021-09-06,regular,84500,80.2485,99,N,2021-10-18,124200.0,50EMA이탈(+47%),46.98,3185866.08,42
066970.KS,엘앤에프,2021-09-23,regular,147400,54.5389,98,N,2021-12-14,199700.0,50EMA이탈(+35%),35.48,2852386.57,82
112040.KQ,위메이드,2022-03-14,regular,103700,56.9681,99,N,2022-03-15,95404.0,손절(-8%),-8.0,-472607.09,1
121800.KQ,비덴트,2022-03-29,regular,21750,388.9722,98,N,2022-03-29,20010.0,손절(-8%),-8.0,-676811.71,0
041510.KQ,에스엠,2022-04-04,regular,86200,114.8169,99,N,2022-04-06,79304.0,손절(-8%),-8.0,-791777.39,2
249420.KS,일동제약,2022-03-14,regular,42950,72.7764,99,N,2022-04-13,45200.0,50EMA이탈(+5%),5.24,163746.96,30
005070.KS,코스모신소재,2022-04-25,regular,57194,173.6175,97,Y,2022-04-25,52618.48,손절(-8%),-8.0,-794390.39,0
011070.KS,LG이노텍,2022-03-21,regular,384500,32.1052,98,Y,2022-04-27,353740.0,손절(-8%),-8.0,-987554.58,37
247540.KQ,에코프로비엠,2022-04-11,regular,116573,99.4451,97,Y,2022-04-27,106492.0,손절(갭-9%),-8.65,-1002505.78,16
222800.KQ,심텍,2022-03-21,regular,53100,190.9134,99,N,2022-05-02,48852.0,손절(-8%),-8.0,-811000.01,42
272290.KQ,이녹스첨단소재,2022-03-29,regular,52200,256.7113,96,N,2022-05-02,48024.0,손절(-8%),-8.0,-1072026.26,34
016380.KS,KG스틸,2022-04-25,regular,23200,274.5947,99,Y,2022-05-04,21344.0,손절(-8%),-8.0,-509647.75,9
014830.KS,유니드,2022-04-25,regular,153727,69.4125,96,Y,2022-05-03,141428.84,손절(-8%),-8.0,-853646.29,8
066970.KS,엘앤에프,2022-04-04,regular,227200,50.4268,99,Y,2022-05-10,209024.0,손절(-8%),-8.0,-916556.72,36
195870.KS,해성디에스,2022-04-18,regular,66200,193.8037,96,Y,2022-05-10,60904.0,손절(-8%),-8.0,-1026384.35,22
121600.KQ,나노신소재,2022-05-23,regular,89800,93.0725,99,N,2022-05-25,82616.0,손절(-8%),-8.0,-668632.57,2
353200.KS,대덕전자,2022-05-23,regular,33450,293.9631,99,Y,2022-06-03,30774.0,손절(-8%),-8.0,-786645.28,11
090460.KS,비에이치,2022-04-18,regular,27600,420.9311,96,N,2022-06-13,25392.0,손절(-8%),-8.0,-929415.86,56
137400.KQ,피엔티,2022-05-30,regular,59800,186.4195,99,N,2022-06-13,54200.0,손절(갭-9%),-9.36,-1043949.3,14
001120.KS,LX인터내셔널,2022-06-13,regular,40550,375.843,96,Y,2022-06-17,37306.0,손절(-8%),-8.0,-1219234.73,4
047810.KS,한국항공우주,2022-05-23,regular,48250,255.4498,97,N,2022-06-22,51500.0,21EMA이탈(+7%),6.74,830211.88,30
079550.KS,LIG넥스원,2022-06-07,regular,81000,136.8094,96,Y,2022-06-21,74520.0,손절(-8%),-8.0,-886524.89,14
205470.KQ,휴마시스,2022-07-25,regular,28380,175.4476,98,Y,2022-07-28,26109.6,손절(-8%),-8.0,-398336.15,3
196170.KQ,알테오젠,2022-08-08,regular,62392,170.9209,96,N,2022-08-18,57400.64,손절(-8%),-8.0,-853127.52,10
145720.KS,덴티움,2022-08-16,regular,99100,112.9713,98,N,2022-08-19,91172.0,손절(-8%),-8.0,-895636.35,3
121600.KQ,나노신소재,2022-07-19,regular,72300,101.298,98,N,2022-08-23,84100.0,21EMA이탈(+16%),16.32,1195316.86,35
323990.KQ,박셀바이오,2022-08-08,regular,52475,119.6579,97,Y,2022-08-29,58030.0,21EMA이탈(+11%),10.59,664699.4,21
086520.KQ,에코프로,2022-08-08,regular,21935,359.0141,96,Y,2022-08-29,19837.0,손절(갭-10%),-9.56,-753211.55,21
100090.KS,SK오션플랜트,2022-08-08,regular,25750,470.6321,97,N,2022-09-01,25800.0,21EMA이탈(+0%),0.19,23531.61,24
137400.KQ,피엔티,2022-08-08,regular,49800,232.4149,96,N,2022-09-02,47400.0,RS하락(84),-4.82,-557795.76,25
047810.KS,한국항공우주,2022-07-19,regular,52000,154.9596,98,N,2022-09-08,55500.0,21EMA이탈(+7%),6.73,542358.74,51
005070.KS,코스모신소재,2022-08-08,regular,55120,189.9963,96,Y,2022-09-19,60652.0,21EMA이탈(+10%),10.04,1051059.41,42
353200.KS,대덕전자,2022-07-19,regular,28700,317.5935,97,Y,2022-09-22,26404.0,손절(-8%),-8.0,-729194.61,65
006400.KS,삼성SDI,2022-11-15,regular,740148,15.605,97,Y,2022-11-21,680936.16,손절(-8%),-8.0,-923998.79,6
012450.KS,한화에어로스페이스,2022-11-15,regular,72730,124.6078,97,Y,2022-12-08,66911.6,손절(-8%),-8.0,-725018.23,23
003670.KS,포스코퓨처엠,2022-10-31,regular,196285,48.856,99,N,2022-12-12,180582.2,손절(-8%),-8.0,-767176.35,42
001120.KS,LX인터내셔널,2022-10-31,regular,41900,241.2549,98,Y,2022-12-12,38548.0,손절(-8%),-8.0,-808686.36,42
282330.KS,BGF리테일,2022-12-12,regular,207000,49.7187,97,N,2023-01-05,190440.0,손절(-8%),-8.0,-823342.34,24
079550.KS,LIG넥스원,2023-01-02,regular,93500,133.3222,96,Y,2023-01-03,86020.0,손절(-8%),-8.0,-997250.29,1
048260.KS,오스템임플란트,2023-01-25,regular,1878000,4.9993,98,Y,2023-02-23,1727760.0,손절(-8%),-8.0,-751097.95,29
086520.KQ,에코프로,2023-02-06,regular,27174,399.7037,96,Y,2023-09-06,206014.0,50EMA이탈(+658%),658.13,71483017.99,212
065350.KQ,신성델타테크,2023-10-16,regular,57100,112.24,99,N,2023-10-16,52532.0,손절(-8%),-8.0,-512712.5,0
009420.KS,한올바이오파마,2023-10-16,regular,36100,253.3954,99,N,2023-10-18,33212.0,손절(-8%),-8.0,-731805.94,2
006740.KS,블루산업개발,2023-10-16,regular,110463,103.9025,99,N,2023-10-18,101625.96,손절(-8%),-8.0,-918190.52,2
328130.KQ,루닛,2023-10-16,regular,35762,150.8341,99,Y,2023-10-19,32127.0,손절(갭-10%),-10.16,-548282.07,3
001570.KS,금양,2023-10-16,regular,113500,84.3822,99,N,2023-10-20,104420.0,손절(-8%),-8.0,-766190.05,4
298040.KS,효성중공업,2023-10-16,regular,173100,70.1424,99,Y,2023-10-23,159252.0,손절(-8%),-8.0,-971331.77,7
192820.KS,코스맥스,2023-10-23,regular,127600,103.387,98,N,2023-11-14,117392.0,손절(-8%),-8.0,-1055374.9,22
112040.KQ,위메이드,2023-11-14,regular,57500,193.3712,97,N,2023-11-17,52900.0,손절(-8%),-8.0,-889507.6,3
003230.KS,삼양식품,2023-10-23,regular,187400,75.6638,98,N,2023-12-08,203500.0,21EMA이탈(+9%),8.59,1218187.45,46
068270.KS,셀트리온,2024-01-08,regular,186772,76.1377,96,N,2024-01-12,171830.24,손절(-8%),-8.0,-1137631.01,4
161390.KS,한국타이어앤테크놀로지,2024-02-26,regular,58400,277.7131,97,Y,2024-02-26,53728.0,손절(-8%),-8.0,-1297475.55,0
185750.KS,종근당,2023-11-13,regular,108941,113.9471,97,N,2024-02-29,103360.0,RS하락(86),-5.12,-635938.91,108
002710.KS,TCC스틸,2024-02-19,regular,66500,185.2793,99,Y,2024-03-04,65400.0,21EMA이탈(-2%),-1.65,-203807.26,14
009420.KS,한올바이오파마,2024-02-26,regular,36800,335.9316,96,N,2024-03-04,33856.0,손절(-8%),-8.0,-988982.59,7
012510.KS,더존비즈온,2024-02-05,regular,47900,173.3278,98,N,2024-03-06,44068.0,손절(-8%),-8.0,-664192.16,30
145020.KQ,휴젤,2024-03-05,regular,202500,72.1631,96,Y,2024-03-19,186300.0,손절(-8%),-8.0,-1169041.54,14
031980.KS,피에스케이홀딩스,2024-02-13,regular,34400,326.8402,99,N,2024-04-02,42250.0,21EMA이탈(+23%),22.82,2565695.88,49
065350.KQ,신성델타테크,2024-02-05,regular,87000,63.7665,99,N,2024-04-11,93700.0,50EMA이탈(+8%),7.7,427235.74,66
095340.KQ,ISC,2024-03-11,regular,91500,147.0951,97,Y,2024-04-19,84180.0,손절(-8%),-8.0,-1076736.41,39
000150.KS,두산,2024-03-18,regular,144300,93.6611,97,Y,2024-04-16,140400.0,21EMA이탈(-3%),-2.7,-365278.31,29
196170.KQ,알테오젠,2024-02-05,regular,79000,100.0289,98,N,2024-05-13,164400.0,50EMA이탈(+108%),108.1,8542471.45,98
004490.KS,세방전지,2024-05-13,regular,117600,146.3656,99,N,2024-05-14,108192.0,손절(-8%),-8.0,-1377007.86,1
028300.KQ,HLB,2024-05-13,regular,99600,108.6705,99,N,2024-05-17,67100.0,손절(갭-33%),-32.63,-3531792.5,4
047920.KQ,HLB제약,2024-05-13,regular,29600,312.594,99,N,2024-05-17,21600.0,손절(갭-27%),-27.03,-2500752.06,4
298040.KS,효성중공업,2024-05-13,regular,327000,26.1659,99,Y,2024-05-16,300840.0,손절(-8%),-8.0,-684500.54,3
317330.KQ,덕산테코피아,2024-05-14,regular,37950,273.5656,99,N,2024-05-22,34914.0,손절(-8%),-8.0,-830545.04,8
080220.KQ,제주반도체,2024-05-20,regular,22850,592.4858,99,N,2024-05-24,21022.0,손절(-8%),-8.0,-1083064.1,4
229640.KS,LS에코에너지,2024-05-27,regular,42300,193.6004,99,N,2024-05-29,38916.0,손절(-8%),-8.0,-655143.7,2
030520.KQ,한글과컴퓨터,2024-05-28,regular,28000,340.9923,98,N,2024-05-30,25700.0,손절(갭-8%),-8.21,-784282.19,2
042700.KS,한미반도체,2024-05-14,regular,140100,93.6023,99,N,2024-06-03,146700.0,21EMA이탈(+5%),4.71,617775.41,20
010120.KS,엘에스일렉트릭,2024-05-13,regular,35920,240.1898,99,Y,2024-06-05,38040.0,21EMA이탈(+6%),5.9,509202.28,23
001680.KS,대상,2024-06-18,regular,30450,684.0438,96,N,2024-06-19,28014.0,손절(-8%),-8.0,-1666330.8,1
000150.KS,두산,2024-05-13,regular,162900,64.9912,98,Y,2024-06-24,203000.0,21EMA이탈(+25%),24.62,2606147.71,42
137400.KQ,피엔티,2024-06-10,regular,79400,182.6548,97,N,2024-06-24,73048.0,손절(-8%),-8.0,-1160223.31,14
005180.KS,빙그레,2024-05-28,regular,89800,168.1309,98,Y,2024-06-27,96300.0,21EMA이탈(+7%),7.24,1092850.62,30
011790.KS,SKC,2024-06-03,regular,137136,102.9018,96,N,2024-06-26,149261.0,21EMA이탈(+9%),8.84,1247684.49,23
003230.KS,삼양식품,2024-05-20,regular,487500,33.2489,99,Y,2024-07-01,615000.0,21EMA이탈(+26%),26.15,4239236.11,42
280360.KS,롯데웰푸드,2024-06-25,regular,183000,86.3972,98,Y,2024-07-01,168360.0,손절(-8%),-8.0,-1264854.9,6
018290.KQ,브이티,2024-05-13,regular,25100,465.1142,99,N,2024-07-03,29350.0,50EMA이탈(+17%),16.93,1976735.44,51
192820.KS,코스맥스,2024-05-28,regular,165500,96.5051,96,N,2024-07-03,179000.0,21EMA이탈(+8%),8.16,1302818.96,36
145020.KQ,휴젤,2024-06-10,regular,213000,73.3063,96,Y,2024-07-02,223500.0,21EMA이탈(+5%),4.93,769715.89,22
036810.KQ,에프에스티,2024-07-01,regular,37799,330.7924,97,N,2024-07-03,34775.08,손절(-8%),-8.0,-1000289.9,2
031980.KS,피에스케이홀딩스,2024-05-13,regular,48400,163.0058,99,N,2024-07-08,62000.0,50EMA이탈(+28%),28.1,2216878.99,56
078600.KQ,대주전자재료,2024-06-17,regular,144000,93.3455,97,N,2024-07-11,132480.0,손절(-8%),-8.0,-1075340.42,24
028300.KQ,HLB,2024-07-08,regular,95400,148.7312,99,N,2024-07-12,85500.0,손절(갭-10%),-10.38,-1472439.31,4
036460.KS,한국가스공사,2024-06-10,regular,37500,322.6709,96,N,2024-07-15,42450.0,50EMA이탈(+13%),13.2,1597221.18,35
012510.KS,더존비즈온,2024-05-27,regular,60700,207.0166,98,N,2024-07-17,69400.0,21EMA이탈(+14%),14.33,1801044.0,51
214150.KQ,클래시스,2024-06-17,regular,52900,294.9548,96,Y,2024-07-19,48668.0,손절(-8%),-8.0,-1248248.72,32
281820.KS,케이씨텍,2024-06-24,regular,44200,347.1452,96,N,2024-07-17,46550.0,21EMA이탈(+5%),5.32,815791.22,23
319660.KQ,피에스케이,2024-07-01,regular,36700,491.0367,96,N,2024-07-17,33764.0,손절(-8%),-8.0,-1441683.68,16
298040.KS,효성중공업,2024-07-15,regular,385500,34.5213,98,Y,2024-07-18,354660.0,손절(-8%),-8.0,-1064637.4,3
067160.KQ,SOOP,2024-07-15,regular,137000,104.0428,96,N,2024-07-18,126040.0,손절(-8%),-8.0,-1140309.17,3
089030.KQ,테크윙,2024-05-20,regular,37250,236.1034,99,N,2024-07-22,51500.0,50EMA이탈(+38%),38.26,3364473.1,63
178320.KQ,서진시스템,2024-07-01,regular,29900,553.9085,96,N,2024-07-22,27508.0,손절(-8%),-8.0,-1324949.06,21
047920.KQ,HLB제약,2024-07-22,regular,27000,381.6926,96,N,2024-07-26,24840.0,손절(-8%),-8.0,-824456.07,4
267260.KS,HD현대일렉트릭,2024-02-13,regular,106600,134.1561,99,N,2024-08-02,275000.0,50EMA이탈(+158%),157.97,22591888.38,171
257720.KQ,실리콘투,2024-05-13,regular,26000,517.155,99,Y,2024-08-05,36250.0,50EMA이탈(+39%),39.42,5300838.48,84
145020.KQ,휴젤,2024-07-29,regular,240000,74.9965,97,Y,2024-08-05,220800.0,손절(-8%),-8.0,-1439932.84,7
064350.KS,현대로템,2024-07-29,regular,49500,340.0515,97,Y,2024-08-05,45540.0,손절(-8%),-8.0,-1346603.86,7
257720.KQ,실리콘투,2024-08-19,regular,45300,170.07,99,Y,2024-08-22,41676.0,손절(-8%),-8.0,-616333.78,3
241710.KQ,코스메카코리아,2024-08-19,regular,80300,108.1916,99,N,2024-08-27,73876.0,손절(-8%),-8.0,-695022.74,8
229640.KS,LS에코에너지,2024-08-26,regular,28450,412.9831,98,N,2024-08-29,26174.0,손절(-8%),-8.0,-939949.56,3
267260.KS,HD현대일렉트릭,2024-08-19,regular,300000,25.6162,99,Y,2024-09-04,266000.0,손절(갭-11%),-11.33,-870951.87,16
237690.KQ,에스티팜,2024-09-03,regular,109000,104.1913,96,Y,2024-09-04,100280.0,손절(-8%),-8.0,-908548.2,1
000100.KS,유한양행,2024-11-05,regular,141200,93.0956,99,N,2024-11-07,129904.0,손절(-8%),-8.0,-1051607.38,2
010130.KS,고려아연,2024-11-05,regular,1099000,5.8646,99,N,2024-11-11,1011080.0,손절(-8%),-8.0,-515612.03,6
241710.KQ,코스메카코리아,2024-11-05,regular,78400,181.5542,99,N,2024-11-11,72128.0,손절(-8%),-8.0,-1138707.73,6
033100.KQ,제룡전기,2024-11-11,regular,60500,220.2397,99,Y,2024-11-11,55660.0,손절(-8%),-8.0,-1065960.14,0
257720.KQ,실리콘투,2024-11-05,regular,40200,328.307,99,Y,2024-11-12,36984.0,손절(-8%),-8.0,-1055835.17,7
214450.KQ,파마리서치,2024-11-05,regular,228000,67.3729,99,Y,2024-11-12,209760.0,손절(-8%),-8.0,-1228882.5,7
007390.KQ,네이처셀,2024-11-11,regular,20000,348.3987,99,N,2024-11-22,21250.0,21EMA이탈(+6%),6.25,435498.42,11
323280.KQ,태성,2024-11-18,regular,24910,172.2942,99,Y,2024-11-20,22917.2,손절(-8%),-8.0,-343347.82,2
012450.KS,한화에어로스페이스,2024-11-18,regular,400775,43.2706,99,N,2024-11-20,368713.0,손절(-8%),-8.0,-1387343.53,2
298040.KS,효성중공업,2024-11-18,regular,471000,28.899,99,Y,2024-11-21,433320.0,손절(-8%),-8.0,-1088912.77,3
079550.KS,LIG넥스원,2024-11-18,regular,238000,57.3876,98,Y,2024-11-21,218960.0,손절(-8%),-8.0,-1092659.67,3
207940.KS,삼성바이오로직스,2024-09-09,regular,1401100,16.018,96,Y,2024-11-22,1374609.0,RS하락(86),-1.89,-424332.73,74
064350.KS,현대로템,2024-11-05,regular,61400,254.3057,99,Y,2024-11-26,56488.0,손절(-8%),-8.0,-1249149.82,21
267260.KS,HD현대일렉트릭,2024-11-05,regular,333500,41.2049,99,Y,2024-11-28,347000.0,21EMA이탈(+4%),4.05,556266.18,23
065350.KQ,신성델타테크,2025-01-06,regular,102200,71.9838,99,N,2025-01-09,94024.0,손절(-8%),-8.0,-588539.42,3
007390.KQ,네이처셀,2025-01-06,regular,21550,478.1441,99,N,2025-01-13,19826.0,손절(-8%),-8.0,-824320.45,7
003230.KS,삼양식품,2024-11-18,regular,535000,24.2642,99,Y,2025-01-21,725000.0,21EMA이탈(+36%),35.51,4610201.84,64
298040.KS,효성중공업,2025-01-20,regular,482000,29.5692,99,Y,2025-01-31,443440.0,손절(-8%),-8.0,-1140188.07,11
082740.KS,한화엔진,2025-01-13,regular,22500,647.7544,99,Y,2025-02-21,23200.0,21EMA이탈(+3%),3.11,453428.11,39
098460.KQ,고영,2025-02-17,regular,20300,506.8928,99,N,2025-02-21,18676.0,손절(-8%),-8.0,-823193.96,4
007390.KQ,네이처셀,2025-02-18,regular,20500,687.3096,97,N,2025-02-20,18860.0,손절(-8%),-8.0,-1127187.71,2
277810.KQ,레인보우로보틱스,2025-01-20,regular,261000,41.4865,99,N,2025-03-20,302000.0,50EMA이탈(+16%),15.71,1700945.42,59
079550.KS,LIG넥스원,2025-02-17,regular,285000,54.7444,96,Y,2025-03-21,260000.0,손절(갭-9%),-8.77,-1368610.64,32
036930.KQ,주성엔지니어링,2025-03-24,regular,41950,349.5034,96,N,2025-03-28,38594.0,손절(-8%),-8.0,-1172933.25,4
196170.KQ,알테오젠,2025-03-24,regular,375500,26.9114,96,N,2025-04-07,345460.0,손절(-8%),-8.0,-808418.85,14
145020.KQ,휴젤,2025-03-24,regular,331000,49.1194,96,Y,2025-06-05,327000.0,RS하락(82),-1.21,-196477.56,73
272210.KS,한화시스템,2025-06-02,regular,45500,269.1277,99,Y,2025-06-09,41860.0,손절(-8%),-8.0,-979624.9,7
298380.KQ,에이비엘바이오,2025-06-10,regular,79200,147.1829,99,N,2025-06-13,72864.0,손절(-8%),-8.0,-932551.05,3
214450.KQ,파마리서치,2025-06-02,regular,457000,31.867,99,Y,2025-06-17,420440.0,손절(-8%),-8.0,-1165058.37,15
052690.KS,한전기술,2025-06-17,regular,107600,117.2737,96,Y,2025-06-17,98992.0,손절(-8%),-8.0,-1009492.29,0
012450.KS,한화에어로스페이스,2025-06-02,regular,822000,16.4456,99,Y,2025-06-24,895000.0,21EMA이탈(+9%),8.88,1200525.17,22
042660.KS,한화오션,2025-06-02,regular,77600,232.917,99,Y,2025-06-25,82500.0,21EMA이탈(+6%),6.31,1141293.09,23
278470.KS,에이피알,2025-06-02,regular,118400,105.9717,99,Y,2025-07-04,137800.0,21EMA이탈(+16%),16.39,2055850.91,32
083650.KQ,비에이치아이,2025-06-02,regular,33500,246.8448,99,Y,2025-07-01,39700.0,21EMA이탈(+19%),18.51,1530437.98,29
064350.KS,현대로템,2025-06-02,regular,149600,80.7707,99,Y,2025-07-04,180600.0,21EMA이탈(+21%),20.72,2503892.36,32
079550.KS,LIG넥스원,2025-06-09,regular,445500,29.485,99,Y,2025-07-03,516000.0,21EMA이탈(+16%),15.82,2078692.11,24
257720.KQ,실리콘투,2025-06-17,regular,54400,198.0296,96,Y,2025-07-04,50048.0,손절(-8%),-8.0,-861824.93,17
015760.KS,한국전력공사,2025-06-30,regular,38750,373.2408,97,Y,2025-07-02,35650.0,손절(-8%),-8.0,-1157046.34,2
402340.KS,SK스퀘어,2025-06-23,regular,158200,101.7381,96,Y,2025-07-17,158900.0,21EMA이탈(+0%),0.44,71216.65,24
071050.KS,한국금융지주,2025-06-17,regular,126800,151.2887,96,Y,2025-07-28,141100.0,21EMA이탈(+11%),11.28,2163428.87,41
298380.KQ,에이비엘바이오,2025-07-21,regular,73100,168.026,96,N,2025-07-30,73800.0,21EMA이탈(+1%),0.96,117618.19,9
103140.KS,풍산,2025-06-17,regular,102700,166.6304,97,N,2025-08-08,122000.0,50EMA이탈(+19%),18.79,3215967.46,52
000880.KS,한화,2025-06-02,regular,73500,182.5308,99,N,2025-08-11,83600.0,50EMA이탈(+14%),13.74,1843561.49,70
103590.KS,일진전기,2025-08-04,regular,40650,386.9793,96,Y,2025-08-13,37398.0,손절(-8%),-8.0,-1258456.55,9
475150.KS,SK이터닉스,2025-07-07,regular,23650,395.2578,97,Y,2025-08-21,21758.0,손절(-8%),-8.0,-747827.68,45
267250.KS,HD현대,2025-07-14,regular,134700,97.587,96,N,2025-08-20,123924.0,손절(-8%),-8.0,-1051597.41,37
017960.KS,한국카본,2025-07-21,regular,26600,587.7562,97,N,2025-08-20,29550.0,21EMA이탈(+11%),11.09,1733880.86,30
039030.KQ,이오테크닉스,2025-08-11,regular,235000,66.5918,97,N,2025-08-19,216200.0,손절(-8%),-8.0,-1251925.8,8
035720.KS,카카오,2025-08-18,regular,64800,294.9109,96,N,2025-09-01,59616.0,손절(-8%),-8.0,-1528818.22,14
240810.KQ,원익IPS,2025-08-18,regular,41300,367.1412,98,N,2025-09-03,37700.0,손절(갭-9%),-8.72,-1321708.3,16
042660.KS,한화오션,2025-07-14,regular,76800,173.5414,96,Y,2025-10-14,103100.0,50EMA이탈(+34%),34.24,4564138.76,92
100840.KS,SNT에너지,2025-10-13,regular,54500,240.4758,99,Y,2025-10-16,50140.0,손절(-8%),-8.0,-1048474.35,3
278470.KS,에이피알,2025-10-13,regular,252500,66.864,99,Y,2025-10-20,232300.0,손절(-8%),-8.0,-1350652.69,7
083650.KQ,비에이치아이,2025-10-13,regular,53500,241.0524,99,Y,2025-10-21,49220.0,손절(-8%),-8.0,-1031704.49,8
033500.KQ,동성화인텍,2025-08-19,regular,29500,516.4362,96,Y,2025-10-24,30650.0,RS하락(84),3.9,593901.64,66
101490.KQ,에스앤에스텍,2025-08-04,regular,48950,384.5816,97,Y,2025-10-28,56000.0,21EMA이탈(+14%),14.4,2711300.41,85
071970.KS,HD현대마린엔진,2025-07-14,regular,46400,233.6909,97,Y,2025-11-05,86600.0,50EMA이탈(+87%),86.64,9394374.33,114
329180.KS,HD현대중공업,2025-08-04,regular,466000,40.3586,96,Y,2025-11-05,528000.0,21EMA이탈(+13%),13.3,2502231.04,93
437730.KQ,삼현,2025-10-14,regular,27850,315.913,99,Y,2025-11-06,28500.0,21EMA이탈(+2%),2.33,205343.44,23
336260.KS,두산퓨얼셀,2025-11-03,regular,43150,301.5192,98,Y,2025-11-05,39698.0,손절(-8%),-8.0,-1040844.42,2
010140.KS,삼성중공업,2025-11-03,regular,29900,640.5424,97,Y,2025-11-05,27508.0,손절(-8%),-8.0,-1532177.32,2
067310.KQ,하나마이크론,2025-10-13,regular,23400,547.6873,99,N,2025-11-10,24350.0,21EMA이탈(+4%),4.06,520302.91,28
084370.KQ,유진테크,2025-10-27,regular,91100,155.4439,99,N,2025-11-17,83812.0,손절(-8%),-8.0,-1132875.27,21
240810.KQ,원익IPS,2025-10-13,regular,54600,288.295,99,N,2025-11-18,62100.0,21EMA이탈(+14%),13.74,2162212.82,36
010120.KS,엘에스일렉트릭,2025-11-03,regular,89800,221.1552,96,Y,2025-11-21,88200.0,21EMA이탈(-2%),-1.78,-353848.35,18
064760.KQ,티씨케이,2025-11-17,regular,159700,86.7037,96,N,2025-11-21,146924.0,손절(-8%),-8.0,-1107726.09,4
298040.KS,효성중공업,2025-10-13,regular,1480000,12.9981,99,Y,2025-12-01,1806000.0,50EMA이탈(+22%),22.03,4237390.36,49
249420.KS,일동제약,2025-11-17,regular,29450,338.3647,97,Y,2025-12-02,27094.0,손절(-8%),-8.0,-797187.34,15
083650.KQ,비에이치아이,2025-12-08,regular,58000,255.9708,98,Y,2025-12-08,53360.0,손절(-8%),-8.0,-1187704.63,0
066970.KS,엘앤에프,2025-11-24,regular,120600,80.6904,97,N,2025-12-18,110952.0,손절(-8%),-8.0,-778500.56,24
095610.KQ,테스,2026-01-05,regular,56600,330.5342,97,N,2026-01-05,52072.0,손절(-8%),-8.0,-1496658.81,0
204320.KS,HL만도,2026-01-05,regular,64100,179.3238,96,Y,2026-01-06,58972.0,손절(-8%),-8.0,-919572.62,1
310210.KQ,보로노이,2026-01-12,regular,225500,52.9264,96,N,2026-01-13,207460.0,손절(-8%),-8.0,-954792.3,1
166090.KQ,하나머티리얼즈,2026-02-02,regular,63500,169.6547,96,N,2026-02-06,58420.0,손절(-8%),-8.0,-861846.06,4
058470.KQ,리노공업,2026-02-02,regular,100700,154.8985,96,N,2026-02-06,92644.0,손절(-8%),-8.0,-1247862.19,4
064760.KQ,티씨케이,2026-02-02,regular,221000,50.8909,96,N,2026-02-05,194400.0,손절(갭-12%),-12.04,-1353697.41,3
015760.KS,한국전력공사,2025-11-24,regular,49100,285.1353,97,Y,2026-02-27,58500.0,21EMA이탈(+19%),19.14,2680272.01,95
071050.KS,한국금융지주,2026-02-19,regular,278500,53.5245,96,Y,2026-02-27,256220.0,손절(-8%),-8.0,-1192526.64,8
041140.KS,넥슨지티,2022-03-21,regular,22850,288.5969,98,N,2022-04-14,25400.0,RS하락(86),11.16,735922.06,24
083650.KQ,비에이치아이,2026-02-10,regular,77200,137.9941,96,Y,2026-03-04,74500.0,21EMA이탈(-3%),-3.5,-372584.12,22
310210.KQ,보로노이,2026-03-09,regular,302500,32.512,96,N,2026-03-23,300000.0,21EMA이탈(-1%),-0.83,-81280.0,14
001430.KS,세아베스틸지주,2026-03-16,regular,70000,164.2153,97,N,2026-03-23,62600.0,손절(갭-11%),-10.57,-1215193.11,7
475150.KS,SK이터닉스,2026-03-23,regular,58600,189.6609,98,Y,2026-03-23,53912.0,손절(-8%),-8.0,-889130.17,0
420770.KQ,기가비스,2026-03-09,regular,67000,146.1683,97,Y,2026-03-24,70000.0,21EMA이탈(+4%),4.48,438504.94,15
278470.KS,에이피알,2026-03-23,regular,346000,38.4554,96,Y,2026-03-26,318320.0,손절(-8%),-8.0,-1064444.83,3
005380.KS,현대자동차,2026-01-19,regular,420000,42.8315,96,N,2026-03-30,469500.0,50EMA이탈(+12%),11.79,2120161.32,70
083650.KQ,비에이치아이,2026-03-09,regular,96500,130.7764,98,Y,2026-03-30,88700.0,손절(갭-8%),-8.08,-1020056.16,21
131290.KQ,티에스이,2026-03-23,regular,114600,96.9744,97,N,2026-03-30,103100.0,손절(갭-10%),-10.03,-1115205.93,7
039030.KQ,이오테크닉스,2026-04-13,regular,437000,26.1184,96,Y,2026-04-30,468000.0,21EMA이탈(+7%),7.09,809671.12,17
006110.KS,삼아알미늄,2026-04-27,regular,70500,130.4138,98,N,2026-04-30,64860.0,손절(-8%),-8.0,-735533.61,3
171090.KQ,선익시스템,2026-04-27,regular,115800,97.4992,97,Y,2026-04-29,105700.0,손절(갭-9%),-8.72,-984741.45,2
058470.KQ,리노공업,2026-04-06,regular,109200,109.7893,96,Y,2026-05-08,112600.0,RS하락(86),3.11,373283.61,32
000720.KS,현대건설,2025-12-15,regular,70700,198.0974,96,N,2026-05-12,156000.0,50EMA이탈(+121%),120.65,16897708.29,148
298040.KS,효성중공업,2026-04-27,regular,3999000,5.3222,98,Y,2026-05-15,3679080.0,손절(-8%),-8.0,-1702691.13,18
103590.KS,일진전기,2026-05-04,regular,131200,153.0708,96,Y,2026-05-15,120704.0,손절(-8%),-8.0,-1606631.42,11
124500.KQ,아이티센글로벌,2026-05-04,regular,57900,262.169,96,Y,2026-05-12,53268.0,손절(-8%),-8.0,-1214366.63,8
062040.KS,산일전기,2026-05-11,regular,328500,48.6194,96,Y,2026-05-12,302220.0,손절(-8%),-8.0,-1277717.09,1
368770.KQ,파이버프로,2026-05-12,regular,25200,411.2354,97,Y,2026-05-12,23184.0,손절(-8%),-8.0,-829050.56,0
083450.KQ,GST,2026-05-12,regular,68100,280.2533,96,Y,2026-05-12,62652.0,손절(-8%),-8.0,-1526819.94,0
295310.KQ,에이치브이엠,2026-05-19,regular,124700,118.4456,98,Y,2026-05-19,114724.0,손절(-8%),-8.0,-1181612.89,0
218410.KQ,RFHIC,2026-05-19,regular,97400,114.7059,98,Y,2026-05-20,89608.0,손절(-8%),-8.0,-893787.99,1
033240.KS,자화전자,2026-05-19,regular,51500,260.9469,97,N,2026-05-19,47380.0,손절(-8%),-8.0,-1075101.36,0
066570.KS,LG전자,2026-05-19,regular,209500,70.7571,97,N,2026-05-19,192740.0,손절(-8%),-8.0,-1185889.02,0
067310.KQ,하나마이크론,2026-05-19,regular,48750,278.9999,97,Y,2026-05-28,44850.0,손절(-8%),-8.0,-1088099.47,9
322000.KS,HD현대에너지솔루션,2026-03-16,regular,122800,60.3401,98,N,2026-06-02,163100.0,50EMA이탈(+33%),32.82,2431707.49,78
089970.KQ,브이엠,2026-05-19,regular,54000,236.8911,97,Y,2026-06-01,55800.0,21EMA이탈(+3%),3.33,426404.01,13
034730.KS,SK,2026-06-01,regular,661000,26.1481,97,N,2026-06-05,608120.0,손절(-8%),-8.0,-1382710.26,4
000150.KS,두산,2026-06-01,regular,2145000,8.1857,96,N,2026-06-02,1973400.0,손절(-8%),-8.0,-1404668.96,1
082920.KQ,비츠로셀,2026-03-30,regular,33150,273.4656,97,Y,2026-06-08,47300.0,50EMA이탈(+43%),42.68,3869537.99,70
000500.KS,가온전선,2026-05-04,regular,134197,109.488,97,Y,2026-06-12,140032.0,50EMA이탈(+4%),4.35,638862.44,39
005935.KS,삼성전자우,2026-06-01,regular,203500,90.9455,97,Y,2026-06-08,181000.0,손절(갭-11%),-11.06,-2046274.57,7
032830.KS,삼성생명,2026-06-01,regular,387000,50.2239,96,Y,2026-06-08,350000.0,손절(갭-10%),-9.56,-1858285.69,7
356860.KQ,티엘비,2026-04-20,regular,38714,264.2221,96,Y,2026-06-18,45307.0,50EMA이탈(+17%),17.03,1742016.57,59
084370.KQ,유진테크,2026-06-15,regular,191000,65.1973,98,N,2026-06-16,175720.0,손절(-8%),-8.0,-996215.24,1
023530.KS,롯데쇼핑,2026-06-15,regular,192600,84.0119,97,N,2026-06-19,177192.0,손절(-8%),-8.0,-1294455.76,4
095340.KQ,ISC,2026-06-15,regular,228000,53.813,96,Y,2026-06-15,209760.0,손절(-8%),-8.0,-981549.03,0
085620.KS,미래에셋생명,2026-06-15,regular,28200,468.2893,98,N,2026-06-22,25944.0,손절(-8%),-8.0,-1056460.64,7
281820.KS,케이씨텍,2026-06-22,regular,83800,149.2671,97,Y,2026-06-26,77096.0,손절(-8%),-8.0,-1000686.95,4
006260.KS,LS,2026-06-22,regular,403000,27.7693,96,N,2026-06-23,370760.0,손절(-8%),-8.0,-895280.89,1
005930.KS,삼성전자,2026-04-27,regular,220000,92.7767,97,Y,2026-07-02,286000.0,50EMA이탈(+30%),30.0,6123261.67,66
009150.KS,삼성전기,2025-12-08,regular,265000,64.1564,96,N,2026-07-08,1479000.0,50EMA이탈(+458%),458.11,77885918.73,212
095610.KQ,테스,2026-04-13,regular,79700,157.5298,97,Y,2026-07-08,135700.0,50EMA이탈(+70%),70.26,8821671.29,86
080220.KQ,제주반도체,2026-04-20,regular,43000,320.612,96,N,2026-07-06,89300.0,50EMA이탈(+108%),107.67,14844336.05,77
004170.KS,신세계,2026-06-08,regular,600000,26.0809,98,N,2026-07-06,690000.0,21EMA이탈(+15%),15.0,2347277.62,28
