month,nav_start,nav_end,return_pct,mdd_pct,num_trades,win_rate,avg_ret,realized_pnl
2017-01,100000000.0,100000000.0,0.0,0.0,0,0.0,0.0,0.0
2017-02,100000000.0,100000000.0,0.0,0.0,0,0.0,0.0,0.0
2017-03,100000000.0,100000000.0,0.0,0.0,0,0.0,0.0,0.0
2017-04,100000000.0,100000000.0,0.0,0.0,0,0.0,0.0,0.0
2017-05,100000000.0,101354857.66,1.3548576599999862,-0.4155280900000058,0,0.0,0.0,0.0
2017-06,101354857.66,106032694.18,4.6153056972287,-2.218779391116188,1,0.0,-8.0,-356672.38
2017-07,106032694.18,106869795.4,0.7894746299466293,-4.017285961672412,3,33.33333333333333,0.4299999999999997,5553.340000000084
2017-08,106869795.4,108089248.36,1.141064185100893,-3.005301455350351,3,33.33333333333333,-2.33,-227604.8799999999
2017-09,108089248.36,108791078.97,0.6493065875178505,-1.8188323937889717,2,50.0,31.130000000000003,5545971.22
2017-10,108791078.97,108363835.21,-0.3927194803517109,-1.0146948058837868,1,100.0,24.46,3396587.91
2017-11,108363835.21,108938906.82,0.5306859146186227,-0.2757484605121818,0,0.0,0.0,0.0
2017-12,108938906.82,110510505.12,1.4426418860589152,-0.7930672516426984,2,0.0,-8.0,-1192610.87
2018-01,110510505.12,109827705.71,-0.6178592788609327,-2.188658250842701,2,50.0,3.465,164504.37
2018-02,109827705.71,109225249.73,-0.5485464492819059,-0.4492588035483136,1,100.0,27.38,1889521.03
2018-03,109225249.73,109225249.73,0.0,0.0,0,0.0,0.0,0.0
2018-04,109225249.73,109225249.73,0.0,0.0,0,0.0,0.0,0.0
2018-05,109225249.73,109225249.73,0.0,0.0,0,0.0,0.0,0.0
2018-06,109225249.73,109225249.73,0.0,0.0,0,0.0,0.0,0.0
2018-07,109225249.73,109225249.73,0.0,0.0,0,0.0,0.0,0.0
2018-08,109225249.73,109225249.73,0.0,0.0,0,0.0,0.0,0.0
2018-09,109225249.73,109225249.73,0.0,0.0,0,0.0,0.0,0.0
2018-10,109225249.73,109225249.73,0.0,0.0,0,0.0,0.0,0.0
2018-11,109225249.73,108067037.62,-1.0603886123978223,-1.0558477995700866,3,0.0,-8.0,-1158212.1099999999
2018-12,108067037.62,108067037.62,0.0,0.0,0,0.0,0.0,0.0
2019-01,108067037.62,108067037.62,0.0,0.0,0,0.0,0.0,0.0
2019-02,108067037.62,108067037.62,0.0,0.0,0,0.0,0.0,0.0
2019-03,108067037.62,108067037.62,0.0,0.0,0,0.0,0.0,0.0
2019-04,108067037.62,108067037.62,0.0,0.0,0,0.0,0.0,0.0
2019-05,108067037.62,108067037.62,0.0,0.0,0,0.0,0.0,0.0
2019-06,108067037.62,108067037.62,0.0,0.0,0,0.0,0.0,0.0
2019-07,108067037.62,108067037.62,0.0,0.0,0,0.0,0.0,0.0
2019-08,108067037.62,108067037.62,0.0,0.0,0,0.0,0.0,0.0
2019-09,108067037.62,108067037.62,0.0,0.0,0,0.0,0.0,0.0
2019-10,108067037.62,107202501.32,-0.799999999111678,-0.7310349473053424,1,0.0,-8.0,-864536.3
2019-11,107202501.32,107202501.32,0.0,0.0,0,0.0,0.0,0.0
2019-12,107202501.32,107202501.32,0.0,0.0,0,0.0,0.0,0.0
2020-01,107202501.32,107202501.32,0.0,0.0,0,0.0,0.0,0.0
2020-02,107202501.32,106665159.43,-0.5012400675204587,-0.942196899416059,1,0.0,-8.0,-537341.89
2020-03,106665159.43,106278803.81,-0.3622135119514369,-0.3622135119514369,3,0.0,-8.0,-1081327.13
2020-04,106278803.81,107540527.45,1.1871827634188037,-0.15858408800751844,3,0.0,-8.0,-754504.49
2020-05,107540527.45,109888382.53,2.183228161207973,-1.0218828929449253,1,100.0,3.57,192487.46
2020-06,109888382.53,117687019.13,7.096870861549842,-1.7836146255683083,5,40.0,-0.7760000000000001,17029.39000000013
2020-07,117687019.13,129326290.48,9.890021377075575,-2.895788394753218,4,25.0,16.4325,2499686.01
2020-08,129326290.48,143373813.18,10.862078118735209,-0.9546043250585945,3,0.0,-8.0,-1685564.6800000002
2020-09,143373813.18,131124630.75,-8.543528388006017,-9.445239326377541,9,55.55555555555556,36.48,25432904.459999997
2020-10,131124630.75,131738494.12,0.4681526014516546,-0.552448552313134,1,100.0,9.23,452623.67
2020-11,131738494.12,131218786.23,-0.39449964376137014,-0.42679250956629833,2,0.0,-8.0,-971807.26
2020-12,131218786.23,134509480.27,2.507791860101549,-1.7540243976636782,3,33.33333333333333,-5.080000000000001,-867997.9400000001
2021-01,134509480.27,131501566.83,-2.2362092500560204,-4.0496217248434885,6,0.0,-8.0,-3721322.1599999997
2021-02,131501566.83,131363192.83,-0.10522612265060349,-1.8896631753467674,2,50.0,15.9,1795153.1300000001
2021-03,131363192.83,130690440.26,-0.5121317132346315,-0.5121317132346315,1,100.0,32.86,2717920.37
2021-04,130690440.26,130690440.26,0.0,0.0,0,0.0,0.0,0.0
2021-05,130690440.26,130690440.26,0.0,0.0,0,0.0,0.0,0.0
2021-06,130690440.26,130690440.26,0.0,0.0,0,0.0,0.0,0.0
2021-07,130690440.26,130690440.26,0.0,0.0,0,0.0,0.0,0.0
2021-08,130690440.26,130690440.26,0.0,0.0,0,0.0,0.0,0.0
2021-09,130690440.26,141065995.69,7.939031660891582,-0.16438098170431514,4,0.0,-8.0,-3200162.43
2021-10,141065995.69,131966174.47,-6.450754609918419,-3.6472663747659895,3,66.66666666666666,13.663333333333332,2474317.52
2021-11,131966174.47,134442242.35,1.8762898067965716,-0.7448957964937164,0,0.0,0.0,0.0
2021-12,134442242.35,132816981.93,-1.2088911874653663,-0.46187133160066063,1,100.0,35.48,2852386.57
2022-01,132816981.93,132816981.93,0.0,0.0,0,0.0,0.0,0.0
2022-02,132816981.93,132816981.93,0.0,0.0,0,0.0,0.0,0.0
2022-03,132816981.93,135647974.22,2.1314987352235137,-0.9679398016996466,2,0.0,-8.0,-1149418.8
2022-04,135647974.22,127991580.17,-5.644311383214995,-5.590457789263247,6,33.33333333333333,-2.7083333333333326,-2676559.1199999996
2022-05,127991580.17,124589247.58,-2.6582471952303344,-2.888089629327284,7,0.0,-8.0,-5857893.95
2022-06,124589247.58,119097551.88,-4.407840810238239,-4.336924389607977,6,16.666666666666664,-5.77,-4035558.1800000006
2022-07,119097551.88,120508894.0,1.1850303366621961,-0.0999509713851543,1,0.0,-8.0,-398336.15
2022-08,120508894.0,120774510.51,0.2204123705591421,-2.6693802646373777,5,40.0,0.2699999999999999,-641959.16
2022-09,120774510.51,118387215.97,-1.9766542873318804,-1.6107334153135366,5,60.0,0.8280000000000001,329959.39
2022-10,118387215.97,117943622.91,-0.3746967578935334,-0.3746967578935334,0,0.0,0.0,0.0
2022-11,117943622.91,117833058.52,-0.09374342357142407,-1.384686750522024,1,0.0,-8.0,-923998.79
2022-12,117833058.52,115163032.93,-2.265939307301268,-2.469639190081463,3,0.0,-8.0,-2300880.94
2023-01,115163032.93,113281751.76,-1.6335807786023726,-1.9453507052793584,2,0.0,-8.0,-1820592.63
2023-02,113281751.76,123687620.77,9.185829887276098,-0.26493127402146266,1,0.0,-8.0,-751097.95
2023-03,123687620.77,140822920.37,13.853690040544553,-0.9698231450985251,0,0.0,0.0,0.0
2023-04,140822920.37,158978263.94,12.892321450441724,-7.329677266975009,0,0.0,0.0,0.0
2023-05,158978263.94,144234391.85,-9.274143348026797,-10.309995293561636,0,0.0,0.0,0.0
2023-06,144234391.85,160860468.88,11.527123882694145,-0.8697467653719038,0,0.0,0.0,0.0
2023-07,160860468.88,196386137.85,22.084772733381584,-2.3188682741061672,0,0.0,0.0,0.0
2023-08,196386137.85,200150547.73,1.9168409345038606,-4.370385622478401,0,0.0,0.0,0.0
2023-09,200150547.73,184073663.65,-8.032395745270426,-5.2095850454192405,1,100.0,658.13,71483017.99
2023-10,184073663.65,180395468.99,-1.9982188581815552,-2.638765642591512,6,0.0,-8.36,-4448512.85
2023-11,180395468.99,180217548.64,-0.09862794836044131,-2.2593123703268825,2,0.0,-8.0,-1944882.5
2023-12,180217548.64,180733460.27,0.2862715833687135,-0.39984273164463957,1,100.0,8.59,1218187.45
2024-01,180733460.27,177908614.17,-1.562990104754236,-2.0869741852809987,1,0.0,-8.0,-1137631.01
2024-02,177908614.17,195217416.0,9.729040895940333,0.0,2,0.0,-6.5600000000000005,-1933414.46
2024-03,195217416.0,201578827.68,3.2586291788638366,-0.5407245450312903,4,0.0,-6.4125,-3026023.5500000003
2024-04,201578827.68,202538174.33,0.4759163752668272,-3.0634606340270376,4,50.0,4.955,1550916.9000000001
2024-05,202538174.33,216264704.69,6.77725589529361,-4.180364743913323,9,11.11111111111111,0.02555555555555442,-2904616.5400000014
2024-06,216264704.69,243246691.75,12.476371074363124,-3.7219006831769486,7,71.42857142857143,5.0442857142857145,3247106.4
2024-07,243246691.75,220312736.97,-9.428269965361203,-8.192718046949675,19,47.368421052631575,3.8421052631578947,6226706.26
2024-08,220312736.97,203917273.11,-7.441904669466548,-3.4268575821776337,7,28.57142857142857,22.48428571428571,22854884.080000002
2024-09,203917273.11,202586249.91,-0.6527270494059656,-1.2638622365258145,2,0.0,-9.665,-1779500.0699999998
2024-10,202586249.91,204495771.22,0.9425720209778943,-0.37898761701407047,0,0.0,0.0,0.0
2024-11,204495771.22,190958069.56,-6.620039905586072,-6.643748067650934,14,14.285714285714285,-5.6850000000000005,-10650586.690000001
2024-12,190958069.56,196927067.73,3.125816145792415,-0.10054110342575528,0,0.0,0.0,0.0
2025-01,196927067.73,195195006.54,-0.8795444983595524,-1.068581005103908,4,25.0,2.8774999999999995,2057153.8999999997
2025-02,195195006.54,194493850.84,-0.3592078057879533,-2.994629409105598,3,33.33333333333333,-4.296666666666667,-1496953.56
2025-03,194493850.84,190737603.95,-1.9312933924528486,-2.860322136558635,3,33.33333333333333,-0.3533333333333329,-840598.47
2025-04,190737603.95,191436345.46,0.36633652490631885,-0.9636173638914336,1,0.0,-8.0,-808418.85
2025-05,191436345.46,190025678.25,-0.7368857813339069,-1.1679829298296807,0,0.0,0.0,0.0
2025-06,190025678.25,215133152.33,13.212674366549738,-1.0710948922569297,7,28.57142857142857,-2.5742857142857143,-1941385.91
2025-07,215133152.33,221683833.03,3.0449424596129537,0.0,9,77.77777777777779,7.568888888888888,8502265.799999999
2025-08,221683833.03,220755417.97,-0.41880142873312876,-2.6663354620677593,7,42.857142857142854,1.6600000000000001,2483602.37
2025-09,220755417.97,211024112.61,-4.408184156695283,-4.011753863017264,2,0.0,-8.36,-2850526.52
2025-10,211024112.61,233913455.78,10.846790391343797,-2.7187931704429014,6,50.0,4.756666666666667,4438509.279999999
2025-11,233913455.78,217285950.15,-7.10840065807864,-10.050760640781341,10,50.0,8.629,9616993.090000002
2025-12,217285950.15,210833594.2,-2.9695228548121677,-2.1514757890286007,4,25.0,-0.4924999999999997,1473997.8300000005
2026-01,210833594.2,224124621.02,6.304036541440339,-0.615866156074496,3,0.0,-8.0,-3371023.7300000004
2026-02,224124621.02,250156630.23,11.614970765606781,-0.40373276780755196,5,20.0,-3.38,-1975660.2900000003
2026-03,250156630.23,231184894.23,-7.5839429011163695,-7.5839429011163695,9,22.22222222222222,-3.637777777777778,-3199228.0600000005
2026-04,231184894.23,275090146.14,18.991401690077446,-0.4938862084180373,3,33.33333333333333,-3.2100000000000004,-910603.94
2026-05,275090146.14,376682170.05,36.930448195079066,-2.1971025667043453,13,15.384615384615385,2.7507692307692313,3689224.3999999994
2026-06,376682170.05,362344536.31,-3.8062947704949446,-6.899361838120733,15,33.33333333333333,1.0393333333333337,-3808059.4899999998
2026-07,362344536.31,312428050.28,-13.775973149294163,-11.449249152313246,5,100.0,136.208,110022465.36
